Image,building,tree,road,sidewalk,earth,mountain,water,house,rock,column,bridge
1,0.5,0,0,0,0,0,0,0,0,0.32,0
2,0.2,0.15,0,0,0.08,0,0.03,0.03,0,0,0
3,0.83,0.14,0,0,0.01,0,0,0,0,0,0
4,0.91,0,0,0,0.05,0,0,0,0,0,0
5,0.02,0.95,0,0,0.02,0,0,0,0,0,0
6,0.55,0.43,0,0,0,0,0,0,0,0,0
7,0.22,0.12,0.01,0,0.42,0,0,0,0,0,0
8,0.45,0.06,0,0.02,0.03,0,0,0,0,0,0
9,0.28,0.29,0.01,0,0.03,0,0.04,0,0.02,0,0
10,0.61,0.27,0,0,0.02,0,0,0,0,0,0
11,0.05,0.43,0,0,0.52,0,0,0,0,0,0
12,0.09,0.35,0,0,0.01,0.19,0.01,0.01,0.01,0,0.02
13,0.21,0.56,0,0,0.15,0,0.07,0,0,0,0
14,0.02,0.65,0,0,0,0,0,0,0,0,0.02
15,0.23,0,0,0,0.4,0.01,0,0,0,0,0
16,0.33,0.5,0,0,0.15,0,0,0,0,0,0
17,0.17,0.22,0,0,0.02,0.01,0.05,0.03,0,0,0.01
18,0.07,0.26,0,0.01,0.01,0,0,0.08,0,0,0
19,0.33,0,0,0,0.03,0,0,0,0,0.18,0
20,0.3,0,0,0,0.27,0,0,0,0,0,0
21,0.16,0.27,0,0,0,0,0,0,0,0,0
22,0.06,0.13,0,0,0.05,0.08,0.13,0.06,0.01,0,0
23,0.84,0.15,0,0,0,0,0,0,0,0,0
24,0.03,0.5,0.03,0,0.19,0,0.01,0.13,0,0,0.04
25,0,0.38,0.01,0,0.56,0,0,0.01,0.01,0,0.02
26,0.47,0.01,0,0,0.07,0,0,0,0,0,0
27,0.22,0.01,0,0,0.43,0,0,0,0,0,0
28,0.07,0.6,0,0,0.21,0,0,0.02,0.01,0,0.06
29,0.04,0.16,0,0,0.01,0,0.22,0,0,0,0
30,0.63,0.05,0,0,0,0,0,0,0,0,0
31,0.04,0.59,0,0,0,0,0,0,0,0,0.02
32,0.27,0.14,0.02,0,0.25,0,0.19,0,0,0,0.05
33,0.01,0.04,0,0,0.09,0.07,0.38,0,0.01,0,0
34,0,0,0,0,0.01,0,0.11,0,0,0,0
35,0.76,0.04,0,0,0.16,0,0,0,0,0,0
36,0.64,0.29,0,0,0,0,0,0,0,0,0
37,0.81,0.12,0,0,0.05,0,0,0,0,0,0
38,0.68,0,0,0,0.05,0,0,0,0,0,0
39,0,0,0,0,0.13,0.27,0.25,0,0,0,0
40,0.02,0.05,0,0,0.03,0,0.3,0,0,0,0
41,0.97,0.02,0,0,0,0,0,0,0.01,0,0
42,0.48,0.15,0,0,0.02,0,0.04,0,0,0,0
43,0.07,0.03,0,0,0,0.02,0.51,0,0,0,0.05
44,0.34,0.01,0,0,0.05,0,0,0,0,0,0
45,0.05,0.01,0,0,0.01,0.08,0.16,0.04,0.01,0,0
46,0.61,0.04,0,0,0,0,0,0,0,0,0.01
47,0.06,0.01,0,0,0.01,0,0,0,0,0,0
48,0.34,0.2,0,0.03,0.04,0,0,0,0,0,0
49,0.11,0.45,0,0,0.44,0,0,0,0,0,0
50,0.28,0.05,0,0,0.43,0,0,0,0,0,0
51,0.01,0.1,0,0,0.02,0.02,0.21,0,0,0,0
52,0.23,0.26,0,0,0.03,0.09,0.15,0.11,0.05,0,0
53,0.49,0.29,0,0,0.18,0,0,0,0,0,0
54,0.11,0.01,0,0,0.07,0,0.1,0,0,0,0
55,0.04,0.26,0,0,0.22,0,0.18,0,0,0,0
56,0.01,0.28,0,0,0.27,0.1,0.03,0.07,0.05,0,0
57,0.04,0.02,0,0,0.02,0,0,0,0,0,0
58,0.03,0,0,0,0.01,0,0.25,0,0.01,0,0
59,0.55,0.03,0,0,0.09,0,0,0,0,0,0
60,0.17,0,0,0,0.03,0,0.09,0,0.01,0,0
61,0.64,0.01,0,0,0.07,0,0,0,0,0,0
62,0.04,0.44,0,0.01,0.02,0,0,0.06,0,0,0
63,0.01,0.2,0.01,0,0.16,0.29,0.1,0,0,0,0
64,0.09,0.01,0,0,0.08,0,0.08,0,0,0,0
65,0.91,0.07,0,0,0,0,0,0,0,0,0
66,0.25,0.16,0,0,0.02,0,0.1,0,0,0,0
67,0.01,0,0,0,0,0,0.25,0,0,0,0
68,0.04,0.61,0,0,0,0,0,0,0,0,0.04
69,0.84,0,0,0,0.03,0,0,0,0,0,0
70,0.4,0.17,0,0,0.24,0,0,0,0,0,0
71,0.28,0.29,0,0,0.03,0.04,0,0,0.04,0,0
72,0.55,0,0.04,0,0.18,0.01,0,0,0,0,0
73,0.03,0.31,0,0,0,0,0,0,0,0.01,0
74,0.28,0.04,0,0,0.09,0,0,0,0,0,0
75,0,0.16,0,0,0.08,0.05,0.19,0,0,0,0
76,0.43,0.04,0,0,0,0,0,0,0,0,0
77,0.08,0.11,0,0,0.14,0,0,0,0,0,0
78,0.71,0.13,0,0,0.07,0,0,0,0.06,0,0
79,0.04,0.78,0,0,0.18,0,0,0,0,0,0
80,0.64,0.15,0,0,0.02,0.03,0,0,0.04,0,0
81,0.91,0.04,0,0,0,0,0,0,0,0,0
82,0.23,0.01,0,0,0.05,0,0.02,0,0,0,0
83,0.04,0.07,0,0,0.11,0.07,0.34,0,0.01,0,0
84,0,0,0,0,0.03,0,0.42,0,0,0,0
85,0.28,0.23,0,0,0.06,0.01,0.02,0,0,0,0
86,0,0.36,0,0,0.58,0.01,0,0,0,0,0.02
87,0.34,0.59,0,0,0.01,0,0,0,0,0,0
88,0.13,0.67,0.01,0,0.05,0,0,0,0.02,0,0
89,0.21,0.24,0.01,0,0.4,0,0.01,0,0,0,0
90,0.26,0.23,0,0,0.04,0,0,0,0,0,0
91,0,0.13,0,0,0.01,0,0.02,0,0,0,0
92,0.24,0.57,0,0,0.04,0,0,0,0,0,0
93,0.24,0.59,0,0,0.12,0,0,0,0,0,0
94,0.03,0.47,0,0,0.36,0.01,0,0.04,0.02,0,0.04
95,0.31,0.29,0.01,0,0.07,0.15,0,0,0.01,0,0
96,0.87,0.13,0,0,0,0,0,0,0,0,0
97,0.11,0.27,0,0,0.39,0,0.17,0,0,0,0
98,0.13,0.72,0,0,0.01,0,0.07,0,0,0,0.01
99,0.34,0.4,0,0,0.01,0,0.03,0.01,0,0,0.01
100,0.01,0.07,0,0,0.02,0,0,0,0,0,0
101,0.85,0.1,0,0,0.04,0,0,0,0.01,0,0
102,0.18,0.64,0,0,0.15,0,0,0,0,0,0
103,0.55,0.25,0,0,0.01,0,0,0,0,0,0
104,0.24,0.75,0,0,0.01,0,0,0,0,0,0
105,0.07,0.87,0,0,0,0,0,0,0,0,0.01
106,0.01,0.17,0,0,0,0,0,0,0,0,0
107,0.84,0.01,0,0,0.06,0.01,0,0,0,0,0
108,0,0,0,0,0.99,0,0,0,0,0,0
109,0.23,0.27,0,0.07,0,0,0,0,0,0,0
110,0.75,0.18,0,0,0.01,0,0,0,0.04,0,0
111,0.79,0.01,0,0,0.06,0,0,0,0,0,0
112,0,0.21,0,0,0.2,0.01,0.23,0,0,0,0
113,0.06,0.06,0,0,0.02,0,0,0,0,0,0
114,0.48,0,0,0,0.23,0,0,0,0,0,0
115,0.43,0.51,0,0,0.03,0,0,0,0,0,0
116,0.09,0.02,0,0,0,0,0,0,0,0,0
117,0.16,0.66,0,0,0.04,0,0,0,0.01,0,0
118,0.43,0.19,0,0,0.08,0.04,0,0,0,0,0
119,0.18,0.74,0,0,0.05,0,0,0,0,0,0.01
120,0.13,0.36,0,0,0.14,0.03,0,0,0.02,0,0
121,0.09,0.56,0,0,0.16,0,0,0.05,0.01,0,0.08
122,0,0,0,0,0.12,0.32,0.28,0,0,0,0
123,0.4,0.58,0,0,0.01,0,0,0,0,0,0
124,0.06,0.66,0.02,0,0.1,0,0,0.06,0,0,0.04
125,0.71,0,0,0,0.11,0,0,0,0,0,0
126,0.46,0.18,0,0,0.01,0,0,0,0,0,0
127,0.6,0,0,0,0.17,0,0,0,0,0,0
128,0.01,0.35,0,0,0.64,0,0,0,0,0,0
129,0.28,0.34,0,0,0.06,0.01,0.01,0,0.01,0,0
130,0.49,0.01,0,0,0.01,0,0,0,0,0,0
131,0.23,0.75,0,0,0.02,0,0,0,0,0,0
132,0.04,0.05,0,0,0,0.03,0.53,0,0,0,0
133,0.16,0.31,0,0,0.11,0.02,0,0,0.01,0,0
134,0.74,0.01,0,0,0.04,0.02,0,0,0,0,0
135,0.18,0.29,0.01,0,0.03,0,0.04,0,0.02,0,0
136,0.09,0.5,0,0,0.41,0,0,0,0,0,0
137,0.34,0.25,0,0,0.19,0,0,0,0,0,0
138,0.29,0.49,0,0,0.18,0,0,0,0.02,0,0
139,0.34,0.17,0,0,0.33,0,0,0,0,0,0
140,0.67,0.18,0,0,0.14,0,0,0,0,0,0
141,0.02,0,0,0,0.01,0,0,0,0,0,0
142,0.35,0.21,0,0,0.26,0,0.16,0,0,0,0
143,0.68,0,0,0.01,0.12,0,0,0,0,0,0
144,0.03,0.21,0,0,0.45,0,0.19,0,0.04,0,0
145,0.03,0.64,0,0,0.12,0.08,0,0.05,0,0,0
146,0.09,0.48,0.03,0,0.13,0,0.15,0,0,0,0.01
147,0.45,0,0,0,0,0,0,0,0,0.21,0
148,0.15,0.41,0,0,0.41,0,0,0,0.01,0,0.01
149,0,0.01,0,0,0.01,0,0.29,0,0,0,0
150,0.08,0.56,0,0,0.01,0,0,0,0,0,0.03
151,0.24,0.47,0,0,0,0,0.09,0,0.01,0,0.03
152,0.05,0,0,0,0.07,0,0.07,0,0,0,0
153,0.1,0.71,0,0,0.01,0,0,0,0,0,0
154,0,0.29,0,0,0.06,0.03,0,0.11,0.02,0,0
155,0.15,0.02,0,0,0,0.03,0.31,0.06,0,0,0.1
156,0.07,0.05,0,0,0.04,0,0,0,0,0,0
157,0.28,0,0,0,0.32,0,0,0,0,0,0
158,0.03,0,0,0,0.01,0,0.17,0,0,0,0
159,0,0.04,0,0,0.04,0.03,0.61,0,0,0,0
160,0.08,0.17,0,0,0.44,0,0.18,0,0.06,0,0
161,0.28,0.01,0,0,0.39,0.03,0,0,0,0,0
162,0,0.4,0,0,0.55,0,0,0,0.01,0,0.02
163,0.28,0.45,0,0,0.01,0,0.14,0,0,0,0.02
164,0.11,0.06,0,0,0.55,0.01,0,0,0.1,0,0
165,0.1,0.22,0,0.01,0.01,0,0.02,0.02,0,0,0.01
166,0.6,0,0,0,0.18,0.01,0,0,0,0,0
167,0.21,0.34,0,0,0,0,0.08,0.01,0.02,0,0.03
168,0.07,0.16,0,0,0.04,0,0,0,0.01,0.01,0
169,0.08,0.71,0.05,0,0.04,0,0.02,0,0,0,0.01
170,0.45,0.02,0,0,0.33,0,0,0,0,0,0
171,0.66,0.04,0,0,0.1,0,0,0,0,0,0
172,0.24,0.24,0,0,0.01,0,0,0,0.02,0,0
173,0.11,0.78,0,0,0.02,0,0,0,0,0,0.01
174,0.05,0.61,0,0,0.08,0.06,0.01,0.08,0,0,0.05
175,0.09,0.01,0,0,0.16,0,0.23,0,0.02,0,0
176,0.06,0.19,0,0,0.21,0.02,0.18,0,0.02,0,0
177,0.27,0.68,0.01,0,0.02,0,0,0,0,0,0.01
178,0.28,0.55,0,0,0.15,0,0,0,0,0,0
179,0,0,0,0,0.14,0,0.18,0,0,0,0
180,0,0,0,0,0,0,0.28,0,0,0,0
181,0.59,0.23,0,0,0.16,0,0,0,0,0,0
182,0,0.24,0,0,0.01,0.07,0.05,0.06,0.01,0,0
183,0.44,0.12,0,0,0.02,0,0.06,0,0,0,0.07
184,0.53,0.08,0,0,0.02,0,0,0,0,0.01,0
185,0.29,0.63,0,0,0.01,0,0,0,0,0,0
186,0.27,0,0,0,0.2,0,0,0,0,0,0
187,0.09,0.03,0,0,0.59,0.01,0,0,0.03,0,0
188,0.18,0.06,0,0,0.11,0.02,0.06,0,0,0,0
189,0.53,0.02,0.02,0,0,0,0,0,0,0,0.01
190,0.45,0.28,0,0,0,0,0,0,0.02,0,0
191,0.23,0.26,0,0,0.02,0,0.1,0,0,0,0
192,0.64,0.24,0,0,0,0,0,0,0,0,0
193,0.05,0.51,0,0,0,0,0,0,0,0,0
194,0.37,0,0,0,0.22,0,0,0,0,0,0
195,0.05,0.66,0,0,0,0,0,0,0,0,0.02
196,0.54,0.17,0,0,0.04,0.1,0,0,0.03,0,0
197,0.1,0.34,0,0,0.13,0.12,0.01,0.02,0,0,0.05
198,0.15,0.38,0,0.06,0.02,0,0,0,0,0,0
199,0.79,0.14,0.01,0,0.06,0,0,0,0,0,0
200,0.01,0.08,0,0,0,0,0.03,0,0,0,0
201,0.27,0.1,0,0,0.07,0,0.05,0.01,0,0,0
202,0.14,0.08,0,0,0.01,0,0,0,0,0,0
203,0.79,0.15,0,0,0.06,0,0,0,0,0,0
204,0.15,0.05,0,0,0,0,0,0,0,0,0
205,0.35,0.61,0,0,0.01,0,0,0,0,0,0
206,0.34,0,0,0,0,0,0,0,0,0.22,0
207,0.73,0,0,0,0.02,0,0,0,0,0,0
208,0.14,0.08,0,0,0.55,0,0,0,0.04,0,0
209,0.1,0.32,0,0.03,0.03,0.05,0,0.11,0.03,0,0
210,0.08,0.03,0,0,0.54,0,0,0,0.02,0,0
211,0.56,0.32,0,0,0.12,0,0,0,0,0,0
212,0.48,0,0,0,0.16,0,0,0,0,0,0
213,0.44,0.24,0,0,0.12,0,0.07,0,0,0,0
214,0.01,0.17,0.01,0,0,0,0.12,0,0,0,0.02
215,0.12,0.03,0,0,0.09,0,0.07,0,0,0,0
216,0.1,0.8,0,0,0.01,0,0.01,0,0,0,0.01
217,0.15,0.55,0,0,0,0,0.01,0,0,0,0
218,0.26,0.05,0,0,0,0,0,0,0,0,0
219,0.15,0.71,0.02,0,0.04,0,0,0,0.04,0,0.04
220,0.14,0.58,0,0,0.07,0,0.02,0,0,0,0
221,0.83,0,0,0,0,0,0,0,0,0.09,0
222,0.81,0.1,0,0,0.03,0,0,0,0.03,0,0
223,0.06,0.81,0.02,0,0.01,0,0.01,0,0,0,0.01
224,0.32,0.13,0,0,0,0,0,0,0,0,0
225,0.3,0.19,0.01,0,0.01,0,0.08,0,0,0,0.12
226,0.87,0.08,0,0,0.04,0,0,0,0,0,0
227,0.38,0.44,0,0,0.11,0,0,0,0,0,0
228,0.21,0.14,0,0,0.45,0,0,0,0.09,0,0
229,0.56,0,0,0,0.02,0,0,0,0,0.21,0
230,0.03,0,0,0,0.03,0,0.38,0,0.01,0,0
231,0.01,0.87,0,0,0.1,0,0,0,0,0,0
232,0.92,0.04,0,0,0,0,0,0,0,0,0
233,0.22,0.01,0,0,0.46,0,0,0,0,0,0
234,0.02,0.17,0,0,0.08,0.01,0,0,0.02,0,0
235,0.18,0.02,0,0,0.11,0,0,0,0,0,0
236,0.67,0.01,0,0,0.1,0.04,0,0,0,0,0
237,0.27,0.68,0,0,0.03,0,0,0,0,0,0
238,0.06,0,0,0,0.02,0,0.13,0,0,0,0
239,0.09,0.01,0,0,0,0,0,0,0,0,0
240,0.11,0.64,0,0,0.05,0,0,0.01,0,0,0.06
241,0.01,0.03,0,0,0.23,0,0.17,0,0.01,0,0.04
242,0.31,0.17,0,0,0.03,0,0.08,0,0,0,0.01
243,0.2,0.44,0,0.1,0.02,0,0,0,0,0,0
244,0.31,0.45,0.01,0,0.05,0,0.11,0,0,0,0
245,0,0.2,0,0,0.18,0.06,0.22,0,0,0,0
246,0.19,0.54,0,0,0.02,0.02,0,0,0.02,0,0
247,0.3,0.19,0,0,0.1,0.02,0,0,0,0,0
248,0.01,0.01,0,0,0.01,0.03,0.45,0,0,0,0
249,0.54,0.21,0.03,0,0.09,0,0,0,0,0,0
250,0.34,0.11,0,0,0,0,0,0,0,0,0
251,0.22,0.07,0,0,0.5,0,0.01,0,0.11,0,0
252,0.08,0.03,0,0,0.06,0,0,0,0,0,0
253,0.01,0.08,0,0,0,0,0,0.01,0.01,0,0
254,0,0.01,0,0,0,0,0.2,0,0,0,0
255,0.08,0.24,0,0,0.11,0,0.06,0,0,0,0
256,0,0,0,0,0.09,0.01,0.5,0,0,0,0
257,0.16,0.01,0,0,0.09,0,0.12,0,0.02,0,0
258,0.17,0.32,0,0,0.04,0,0.23,0,0,0,0
259,0.87,0.04,0,0,0.02,0,0,0,0.05,0,0
260,0.06,0.56,0.01,0,0.21,0,0,0.04,0.03,0,0.04
261,0.34,0.29,0,0,0.27,0,0,0,0,0,0
262,0.42,0.18,0.02,0,0,0,0,0,0.01,0,0
263,0.7,0.19,0,0,0.01,0,0,0,0.02,0,0
264,0.81,0.17,0,0,0,0,0,0,0,0,0
265,0.16,0.07,0,0,0,0,0.29,0,0,0,0
266,0.03,0,0,0,0,0,0.15,0,0.02,0,0
267,0.47,0.03,0,0,0,0,0,0,0,0,0
268,0.01,0,0,0,0,0,0.26,0,0,0,0
269,0,0.01,0,0,0.14,0,0.44,0,0.01,0,0
270,0.02,0.47,0.01,0,0.44,0,0,0.01,0,0,0.03
271,0,0.04,0,0,0.06,0.54,0.05,0,0,0,0
272,0.42,0.19,0,0,0.36,0,0,0,0,0,0
273,0.68,0.17,0.02,0,0.06,0,0,0,0.05,0,0
274,0,0,0,0,0.28,0,0,0,0,0,0
275,0.47,0,0,0,0.08,0,0,0,0,0.19,0
276,0.3,0,0,0,0.08,0,0.03,0,0,0,0
277,0.35,0.07,0,0,0.01,0,0,0,0,0,0
278,0.91,0.06,0,0,0.03,0,0,0,0,0,0
279,0.88,0.03,0,0,0.03,0,0,0,0.06,0,0
280,0.07,0.04,0,0,0,0,0.27,0,0,0,0
281,0.22,0.61,0,0,0.01,0,0,0.01,0,0,0
282,0.04,0.51,0.02,0,0.36,0,0,0.03,0,0,0.02
283,0.23,0.14,0,0,0.02,0,0.16,0,0,0,0
284,0.45,0.15,0.01,0,0.02,0,0.04,0,0,0,0
285,0.01,0.06,0,0,0.02,0,0.26,0,0,0,0
286,0.83,0.04,0,0,0.06,0,0,0,0.07,0,0
287,0.01,0.31,0,0,0.11,0.19,0.02,0.03,0,0,0.07
288,0.54,0.14,0.04,0,0.04,0.05,0,0,0.05,0,0.02
289,0.04,0.01,0,0,0.09,0,0.1,0,0,0,0
290,0,0,0,0,0.15,0.22,0.29,0,0,0,0
291,0.66,0.24,0,0,0.1,0,0,0,0,0,0
292,0.4,0.24,0,0,0.08,0,0.07,0,0.01,0,0
293,0.64,0.24,0,0,0.1,0,0,0,0.01,0,0
294,0.02,0.22,0,0,0.17,0.07,0.17,0,0,0,0
295,0.05,0.6,0.07,0,0.2,0,0,0.04,0,0,0.05
296,0.58,0.21,0,0,0.01,0,0,0,0,0,0
297,0.05,0.12,0,0,0.04,0,0.16,0,0,0,0
298,0.08,0.38,0,0,0,0,0,0,0,0,0.01
299,0,0.02,0,0,0,0.03,0.57,0,0,0,0
300,0.53,0,0,0,0.24,0,0,0,0,0,0
301,0.18,0.47,0,0,0,0.01,0.02,0.05,0.02,0,0
302,0.42,0,0,0,0.02,0,0,0,0,0.16,0
303,0.96,0.02,0,0,0,0,0,0,0,0,0
304,0.81,0,0,0,0.14,0,0,0,0,0,0
305,0.37,0.29,0,0,0.03,0.11,0,0,0.02,0,0
306,0.31,0.3,0,0.03,0.05,0,0,0,0,0,0
307,0.1,0.16,0,0,0.04,0.05,0.06,0.09,0.01,0,0.02
308,0.03,0.12,0,0,0.04,0,0,0,0,0,0
309,0.11,0.16,0,0,0,0,0,0,0,0,0
310,0.85,0.1,0,0,0.05,0,0,0,0,0,0
311,0.32,0.19,0,0,0,0,0,0,0,0,0
312,0.92,0,0,0,0.01,0,0,0,0,0,0
313,0.62,0.07,0,0,0.12,0,0,0,0,0,0
314,0.01,0.42,0,0,0.22,0.07,0.01,0.16,0,0,0.03
315,0.59,0,0,0,0,0,0,0,0,0.24,0
316,0.85,0.01,0,0,0.04,0,0,0,0,0,0
317,0.39,0,0,0,0.01,0,0,0,0,0.47,0
318,0.13,0.72,0.01,0,0.02,0,0.03,0,0,0,0.01
319,0.1,0.46,0,0,0.06,0,0.01,0,0,0,0
320,0.05,0.46,0.04,0,0.22,0,0,0.07,0,0,0.04
321,0.04,0.27,0,0,0.41,0,0.13,0,0.11,0,0
322,0.01,0,0,0,0,0,0,0,0,0,0
323,0.27,0.68,0,0,0.05,0,0,0,0,0,0
324,0.15,0.32,0,0,0.12,0,0,0,0.01,0.01,0
325,0.19,0.09,0,0,0,0,0.35,0,0,0,0
326,0.59,0.01,0,0,0.01,0,0,0,0,0,0
327,0.11,0.42,0,0,0.01,0,0.06,0,0,0,0
328,0.07,0.11,0.01,0,0.4,0.03,0,0,0.08,0,0
329,0.48,0.05,0,0,0,0,0,0,0,0,0
330,0.06,0.07,0,0,0.02,0,0.24,0,0,0,0.01
331,0.46,0,0,0,0.14,0,0,0,0,0,0
332,0.65,0.01,0,0,0.07,0,0,0,0,0,0
333,0,0,0,0,0.03,0,0.13,0,0,0,0
334,0.15,0.07,0,0,0.01,0,0,0,0,0,0
335,0.6,0.02,0,0,0,0,0,0,0,0,0.02
336,0.02,0.31,0,0,0.41,0,0.08,0,0.13,0,0
337,0.28,0.05,0,0,0.55,0,0,0,0,0,0
338,0.03,0.04,0,0,0,0,0.04,0,0,0,0
339,0.79,0.1,0,0,0.1,0,0,0,0.01,0,0
340,0.46,0.38,0,0,0.01,0,0,0,0,0,0
341,0.07,0.58,0.08,0,0.18,0,0,0.01,0.02,0,0.05
342,0.26,0.67,0,0,0,0,0,0,0,0,0
343,0.02,0.39,0,0,0.21,0.03,0.11,0,0,0,0
344,0.13,0.59,0,0,0.02,0,0.01,0,0,0,0.01
345,0.91,0,0,0,0,0,0,0,0,0,0
346,0.34,0.16,0,0,0.13,0.03,0.02,0,0,0,0
347,0.66,0.06,0,0,0,0,0,0,0,0,0
348,0.07,0.03,0,0,0.45,0,0,0,0,0,0
349,0.54,0,0,0,0.14,0,0,0,0,0,0
350,0,0.05,0,0,0.01,0.01,0.59,0,0,0,0
351,0.12,0.76,0,0,0,0,0,0,0,0,0
352,0.09,0.15,0,0,0.05,0.06,0.2,0.14,0.05,0,0
353,0.08,0,0,0,0.03,0,0.08,0,0,0,0
354,0.03,0.03,0,0,0,0,0.07,0,0,0,0
355,0.91,0.02,0,0,0.01,0,0,0,0.06,0,0
356,0.25,0.09,0,0,0.46,0,0,0,0,0,0
357,0.02,0.29,0,0.01,0.03,0.05,0.1,0.14,0.03,0,0
358,0.12,0.69,0,0,0,0,0,0,0,0,0
359,0.63,0.11,0.01,0,0.02,0.12,0,0,0.03,0,0.02
360,0.29,0.03,0,0,0.44,0.02,0,0,0,0,0
361,0.84,0.02,0,0,0.03,0,0,0,0,0,0
362,0,0.01,0,0,0.02,0,0.29,0,0,0,0
363,0.02,0.08,0.01,0,0.04,0,0,0,0.01,0,0
364,0.12,0.1,0,0,0.04,0,0.15,0,0,0,0
365,0.13,0.06,0,0,0.03,0.06,0.23,0.08,0,0,0.05
366,0.12,0.29,0.01,0,0.1,0,0.27,0,0.01,0,0
367,0.51,0.06,0,0,0.01,0,0,0,0,0,0
368,0.03,0.23,0,0,0,0,0,0.04,0,0,0
369,0.12,0.06,0,0,0.05,0,0.06,0,0,0,0
370,0.83,0.14,0,0,0,0,0,0,0.01,0,0
371,0.6,0.05,0,0,0,0,0,0,0,0,0
372,0,0.4,0,0,0.11,0.11,0.02,0.07,0,0,0.06
373,0.02,0,0,0,0.03,0.02,0.4,0,0,0,0
374,0.96,0.02,0,0,0,0,0,0,0.01,0,0
375,0.01,0.54,0,0,0.1,0.03,0.01,0.05,0.01,0,0.07
376,0.63,0.11,0,0,0.08,0,0.01,0,0,0,0
377,0.51,0.02,0,0,0.25,0,0,0,0,0,0
378,0,0.19,0,0,0.14,0.15,0.17,0,0,0,0
379,0.48,0.22,0,0,0.03,0.11,0,0,0.01,0,0
380,0.13,0.46,0,0,0.17,0,0,0.06,0,0,0.07
381,0.6,0,0,0,0.16,0,0,0,0,0,0
382,0.18,0.13,0,0,0.43,0.01,0,0,0,0,0
383,0.08,0.68,0,0,0.09,0.01,0,0.04,0,0,0.04
384,0.06,0.01,0,0,0.02,0,0,0,0,0,0
385,0.66,0.14,0.01,0,0.06,0,0,0,0.09,0,0
386,0.35,0,0,0,0,0,0,0,0,0.29,0
387,0.86,0,0,0,0.1,0,0,0,0,0,0
388,0.48,0.11,0,0,0,0,0,0,0,0,0
389,0.16,0.06,0.01,0,0.01,0.02,0.34,0,0.02,0,0.11
390,0.26,0.1,0.02,0,0.33,0,0,0,0,0,0
391,0.37,0.4,0,0,0,0,0.02,0,0,0,0
392,0.21,0.12,0,0,0.34,0,0,0,0,0,0
393,0.7,0,0,0,0.13,0,0,0,0,0,0
394,0.12,0.68,0,0,0.2,0,0,0,0,0,0
395,0.24,0.14,0,0,0.01,0,0,0,0,0,0
396,0.7,0.3,0,0,0,0,0,0,0,0,0
397,0.43,0,0,0,0.03,0,0,0,0,0.16,0
398,0.42,0,0,0,0.2,0,0,0,0,0,0
399,0.51,0.02,0,0,0.28,0,0,0,0,0,0
400,0,0.03,0,0,0.01,0.39,0.06,0,0,0,0
401,0.9,0.02,0,0,0.02,0,0,0,0.04,0,0
402,0.39,0.19,0,0,0.02,0,0.2,0,0.01,0,0
403,0.87,0.08,0,0,0.02,0,0,0,0,0,0
404,0.62,0.02,0,0,0,0,0,0,0,0,0
405,0.1,0.07,0,0,0.13,0,0,0,0,0,0
406,0.01,0.52,0,0,0.46,0,0,0,0,0,0
407,0.07,0.2,0,0,0.03,0,0.04,0,0,0,0
408,0.5,0.12,0,0,0.18,0,0,0,0,0,0
409,0.57,0.1,0,0,0.03,0,0,0,0,0,0
410,0.14,0.15,0,0,0.12,0,0.25,0,0,0,0.04
411,0.82,0.1,0,0,0.01,0,0,0,0.05,0,0
412,0.22,0.02,0,0,0.07,0,0,0,0,0,0
413,0.26,0.41,0,0,0.19,0,0.12,0,0,0,0
414,0.32,0.47,0,0,0.18,0,0,0,0,0,0
415,0.05,0.61,0,0,0.01,0,0.01,0,0,0,0.01
416,0.47,0,0,0,0,0,0,0,0,0.15,0
417,0.63,0.07,0.01,0,0,0.06,0,0,0.03,0,0.02
418,0.51,0.36,0,0,0,0,0,0,0,0,0
419,0.37,0.37,0,0.01,0.01,0,0,0,0,0,0
420,0.11,0.49,0,0,0.27,0,0.11,0,0,0,0
421,0.57,0.4,0,0,0.01,0,0,0,0,0,0
422,0.25,0.41,0,0.08,0.04,0,0,0,0,0,0
423,0,0.01,0,0,0,0,0.14,0,0.01,0,0
424,0.22,0.39,0,0,0,0.01,0.17,0,0,0,0
425,0.26,0.14,0,0,0.29,0,0,0,0,0,0
426,0.16,0.33,0.06,0,0.08,0,0,0,0,0,0
427,0.15,0.38,0,0,0.01,0,0.01,0,0,0,0
428,0.06,0.14,0,0,0.01,0,0.05,0,0.01,0,0
429,0.59,0.17,0.01,0,0.06,0.07,0,0,0.02,0,0
430,0.74,0.2,0,0.01,0.01,0,0,0,0,0,0
431,0.84,0.09,0,0,0.01,0,0,0,0.05,0,0
432,0.65,0.28,0,0,0,0,0,0,0,0,0
433,0.03,0.57,0.12,0,0.21,0,0,0.02,0,0,0.03
434,0.07,0.01,0,0,0.01,0,0,0,0,0,0
435,0,0,0,0,0.23,0.36,0.13,0,0,0,0
436,0.64,0.03,0,0,0.08,0,0,0,0,0,0
437,0.44,0.39,0,0,0.15,0,0,0,0,0,0
438,0.02,0.53,0,0,0.02,0,0,0,0.01,0,0
439,0.31,0.45,0,0,0.15,0,0,0,0,0,0
440,0.78,0,0,0,0.11,0,0,0,0,0,0
441,0.17,0.13,0,0,0.02,0.01,0.06,0.04,0,0,0.02
442,0,0.54,0,0,0.43,0,0,0,0,0,0
443,0.23,0.1,0,0,0.01,0,0.01,0,0,0,0
444,0.16,0.65,0.05,0,0.01,0,0.02,0,0,0,0.03
445,0.11,0.05,0,0,0,0,0.07,0,0,0,0
446,0.12,0.09,0,0,0,0,0,0,0,0,0
447,0.27,0.67,0.01,0,0.02,0,0,0,0,0,0.01
448,0.03,0.61,0,0,0.06,0.04,0.01,0.07,0,0,0.05
449,0.07,0.81,0,0,0.02,0,0,0,0,0,0
450,0.47,0,0,0,0.28,0,0,0,0,0,0
451,0,0,0,0,0.02,0,0.4,0,0,0,0
452,0.05,0.3,0,0,0.39,0,0.18,0,0.02,0,0
453,0.02,0.28,0.01,0,0.28,0.08,0.1,0.06,0.07,0,0
454,0.65,0.02,0,0,0,0,0,0,0,0,0
455,0,0.06,0,0,0.01,0.53,0.07,0,0,0,0
456,0.27,0.03,0,0,0.31,0,0,0,0,0,0
457,0,0,0,0,0.06,0,0,0,0,0,0
458,0.24,0.15,0.04,0,0.04,0,0.06,0,0,0,0
459,0.02,0.13,0,0,0,0,0.15,0,0,0,0
460,0.47,0.43,0,0,0.08,0,0,0,0,0,0
461,0.35,0.01,0,0,0.07,0,0,0,0,0,0
462,0.71,0,0,0,0.12,0.01,0,0,0,0,0
463,0.68,0,0,0,0.11,0,0,0,0,0,0
464,0,0,0,0,0,0,0.42,0,0,0,0
465,0.32,0.4,0,0,0.01,0,0.15,0,0,0,0.01
466,0.76,0.18,0,0,0.06,0,0,0,0,0,0
467,0.55,0.02,0,0,0,0,0,0,0,0.03,0
468,0.12,0.61,0,0,0.03,0,0,0,0.01,0,0
469,0.22,0.6,0,0,0.13,0,0.02,0,0,0,0
470,0.89,0.1,0,0,0,0,0,0,0,0,0
471,0.55,0.32,0,0,0.12,0,0,0,0,0,0
472,0.94,0.03,0,0,0,0,0,0,0.03,0,0
473,0.05,0.8,0,0,0.02,0.01,0,0.03,0,0,0
474,0.18,0.12,0,0,0.01,0.01,0.01,0,0,0,0.14
475,0,0.11,0,0,0.19,0.03,0.36,0.02,0.05,0,0
476,0.1,0.19,0,0.01,0.01,0,0,0.07,0.03,0,0
477,0.04,0.02,0,0,0,0,0,0,0,0,0
478,0.51,0.34,0.01,0,0.03,0,0,0,0,0,0.01
479,0.05,0.73,0,0,0,0,0,0,0,0,0.01
480,0.16,0.09,0,0,0.01,0,0,0,0,0,0
481,0.96,0.04,0,0,0,0,0,0,0,0,0
482,0.31,0,0,0,0.28,0,0,0,0,0,0
483,0.03,0.16,0.07,0,0.02,0,0.06,0,0.01,0,0
484,0.04,0,0,0,0.01,0,0.13,0,0,0,0
485,0.06,0.65,0,0,0,0,0,0,0,0,0.01
486,0.1,0.13,0,0,0.04,0.06,0.17,0.08,0.09,0,0
487,0,0,0,0,0.02,0,0.36,0,0,0,0
488,0.44,0.4,0,0,0,0,0,0,0,0,0
489,0.15,0.12,0,0,0.02,0,0,0,0,0.01,0
490,0.15,0.14,0,0,0.04,0,0,0,0,0.01,0
491,0,0,0,0,0,0,0.08,0,0.01,0,0
492,0.11,0.36,0,0,0.18,0.03,0.05,0,0.02,0,0
493,0.13,0.56,0,0,0.13,0,0.08,0,0.01,0,0
494,0,0,0,0,0,0,0.31,0,0,0,0
495,0.32,0.19,0,0,0.09,0.03,0,0,0,0,0
496,0.77,0.11,0,0,0.05,0,0,0,0.04,0,0
497,0.48,0.32,0,0,0,0,0,0,0,0,0
498,0.21,0.13,0,0,0,0,0.12,0,0,0,0.07
499,0,0,0,0,0,0,0.12,0,0,0,0
500,0.59,0.23,0,0,0.01,0,0,0,0,0,0
501,0,0,0,0,0.01,0,0.44,0,0.01,0,0
502,0.78,0.21,0,0,0,0,0,0,0,0,0
503,0.04,0.28,0,0,0.02,0,0.03,0,0,0,0
504,0.64,0.06,0,0,0,0,0,0,0,0,0
505,0.04,0.04,0,0,0.02,0,0,0,0,0,0
506,0.31,0.03,0,0,0.55,0,0,0,0,0,0
507,0.08,0.17,0.01,0,0.22,0,0.25,0,0.01,0,0.05
508,0.31,0.11,0,0,0.04,0,0,0,0,0,0
509,0.15,0.04,0,0,0.05,0,0,0,0,0,0
510,0.06,0,0,0,0.02,0,0.11,0,0.01,0,0
511,0.34,0.36,0,0,0.01,0,0,0.01,0,0,0
512,0.47,0.03,0,0,0,0,0,0,0,0,0
513,0.21,0.04,0,0,0.44,0,0,0,0,0,0
514,0.96,0,0,0,0,0,0,0,0,0.01,0
515,0.16,0.15,0,0,0,0,0.05,0,0,0,0
516,0.09,0.06,0,0,0.09,0.04,0.41,0.08,0.01,0,0.01
517,0.39,0.15,0,0,0.01,0,0,0,0,0,0
518,0.31,0.17,0.03,0,0.2,0,0,0,0,0,0
519,0.58,0.09,0,0,0.12,0,0,0,0,0,0
520,0.44,0.46,0.01,0,0.04,0,0,0,0,0,0
521,0,0,0,0,0.3,0,0,0,0,0,0
522,0.49,0.06,0,0,0.09,0,0,0,0,0,0
523,0.55,0.4,0,0,0,0,0,0,0,0,0
524,0.11,0.75,0,0.01,0.02,0,0,0,0,0,0
525,0.05,0.01,0,0,0,0,0.33,0,0,0,0
526,0.48,0.03,0,0,0,0,0,0,0,0,0
527,0.03,0.1,0,0,0.04,0,0,0,0,0,0
528,0.02,0.57,0,0,0.1,0.07,0.01,0.07,0,0,0.04
529,0.15,0.46,0,0.03,0.01,0,0,0.01,0,0,0
530,0.01,0.12,0,0,0.09,0,0,0,0.01,0,0
531,0.11,0.08,0,0,0,0,0,0,0,0,0
532,0.09,0.58,0,0,0,0,0,0,0,0,0.02
533,0.29,0.65,0.03,0,0.01,0,0,0,0,0,0
534,0.03,0,0,0,0.07,0,0.14,0,0.01,0,0
535,0.54,0.01,0,0,0.25,0,0,0,0,0,0
536,0.74,0.06,0,0,0.16,0,0,0,0,0,0
537,0.24,0.02,0,0,0.02,0,0,0,0,0,0
538,0.11,0.13,0,0,0.09,0.03,0,0,0.01,0.01,0
539,0.29,0.25,0,0,0.37,0,0,0,0,0,0
540,0.28,0.54,0.01,0,0.12,0,0,0,0,0,0
541,0.8,0.04,0,0,0.06,0,0,0,0,0,0
542,0.02,0.5,0,0,0.03,0,0,0.01,0,0,0
543,0.05,0.88,0,0,0,0,0,0,0,0,0
544,0.34,0.6,0,0,0.01,0,0,0,0,0,0.05
545,0.3,0.61,0,0,0.08,0,0,0,0,0,0
546,0.21,0.34,0,0,0.01,0,0,0,0,0,0
547,0.01,0.04,0,0,0,0,0.29,0,0,0,0
548,0,0,0,0,0.17,0.31,0.2,0,0,0,0
549,0.1,0.52,0,0,0,0,0.05,0,0,0,0.04
550,0.4,0.27,0,0,0,0,0.09,0,0.01,0,0.01
551,0,0.37,0,0,0.56,0,0,0,0.02,0,0.01
552,0.3,0.12,0,0,0.1,0.04,0.05,0,0,0,0
553,0.1,0.05,0.01,0,0.44,0.05,0,0,0.1,0,0
554,0.9,0.06,0,0,0.01,0,0,0,0,0,0
555,0.5,0.09,0,0,0.09,0,0,0,0,0,0
556,0,0.03,0,0,0,0,0.33,0,0,0,0
557,0.37,0.1,0.01,0,0.16,0,0.03,0,0,0,0
558,0.39,0,0,0,0,0,0,0,0,0.38,0
559,0.26,0.18,0,0,0.01,0,0.28,0,0,0,0
560,0.02,0.54,0.05,0,0.28,0,0,0.02,0.04,0,0.04
561,0.05,0.16,0,0,0,0,0,0,0,0,0
562,0.62,0.01,0,0,0,0,0,0,0,0,0
563,0.01,0.1,0,0,0,0,0.02,0,0,0,0
564,0.45,0,0,0,0,0,0,0,0,0.44,0
565,0.71,0,0,0,0.07,0,0,0,0,0,0
566,0.17,0.27,0,0,0,0,0.12,0.01,0,0,0.04
567,0.01,0.06,0.01,0,0.11,0,0.04,0,0,0,0
568,0.05,0.79,0,0,0,0,0,0.02,0,0,0
569,0.03,0.67,0.04,0,0.15,0,0,0.02,0.01,0,0.03
570,0.05,0.31,0,0,0,0,0,0.03,0.01,0,0
571,0.01,0.03,0,0,0,0,0.42,0,0,0,0
572,0.31,0.42,0,0,0.05,0,0,0,0,0,0
573,0,0.16,0,0,0.84,0,0,0,0,0,0
574,0.11,0.28,0,0,0.47,0,0.09,0,0,0,0
575,0.41,0.49,0.02,0,0.03,0,0,0,0,0,0
576,0.19,0.37,0,0,0.16,0,0.18,0,0,0,0
577,0.04,0.26,0,0,0.01,0.01,0,0,0.01,0,0
578,0.63,0.1,0,0,0.01,0.11,0,0,0,0,0
579,0.31,0,0,0,0.07,0,0,0,0,0,0
580,0.19,0,0,0,0,0,0,0,0,0,0
581,0.2,0.06,0,0,0.22,0,0,0,0,0,0
582,0.87,0.04,0,0,0.04,0,0,0,0.04,0,0
583,0.13,0.46,0,0,0.02,0,0,0.02,0,0,0
584,0.01,0.67,0,0,0.06,0,0,0,0.01,0,0
585,0.04,0.51,0.02,0,0.32,0,0,0.04,0.01,0,0.04
586,0.1,0,0,0,0,0,0,0,0,0,0
587,0.73,0.19,0,0,0.08,0,0,0,0,0,0
588,0.46,0,0,0,0.06,0,0,0,0,0,0
589,0.12,0.09,0,0,0,0,0.37,0,0,0,0
590,0.01,0.37,0,0,0.47,0,0,0.04,0,0,0.03
591,0.34,0.12,0,0,0.14,0.01,0.02,0,0,0,0
592,0.03,0.17,0,0.01,0,0,0,0.01,0.01,0,0
593,0.41,0,0,0,0.02,0,0,0,0,0,0
594,0.23,0.53,0,0,0.03,0,0,0,0,0,0
595,0.15,0.39,0,0,0.41,0,0,0,0,0,0
596,0.92,0.06,0,0,0,0,0,0,0,0,0
597,0.51,0.33,0,0,0.15,0,0,0,0,0,0
598,0.8,0.2,0,0,0,0,0,0,0,0,0
599,0.02,0.49,0.01,0,0.4,0,0,0.03,0.01,0,0.01
600,0,0.03,0,0,0.33,0,0.18,0,0,0,0.05
601,0,0.38,0,0,0.61,0,0,0,0,0,0
602,0.76,0.16,0,0,0.02,0,0,0,0.04,0,0
603,0.12,0.51,0,0,0.11,0,0,0.05,0.01,0,0.06
604,0.57,0.02,0,0.01,0,0,0,0,0,0.03,0
605,0,0.15,0,0,0.24,0.04,0.16,0,0,0,0
606,0.37,0.21,0.01,0,0.17,0,0.05,0,0,0,0
607,0.06,0.15,0,0,0.08,0,0.35,0,0,0,0.05
608,0.67,0.18,0,0,0.03,0,0,0,0.07,0,0
609,0.16,0.57,0,0,0.1,0,0.09,0,0.03,0,0
610,0.23,0.48,0,0,0.26,0,0.01,0,0,0,0
611,0.93,0,0,0,0.05,0,0,0,0,0,0
612,0.23,0.03,0,0,0.01,0,0,0,0,0,0
613,0.14,0.24,0,0,0.07,0,0.04,0,0,0,0
614,0.03,0.37,0,0,0.01,0.01,0.01,0,0,0,0
615,0.05,0.09,0,0,0,0,0,0.01,0,0,0
616,0.04,0,0,0,0.04,0,0.15,0,0.01,0,0
617,0.53,0.08,0,0,0.04,0,0,0,0,0,0
618,0.16,0.48,0.01,0,0.07,0,0.2,0,0,0,0.01
619,0.38,0.28,0,0,0.01,0,0,0,0.02,0,0
620,0.65,0,0.01,0,0.15,0,0,0,0,0,0
621,0.43,0.04,0,0,0,0,0,0,0,0,0
622,0.13,0.16,0.01,0,0.03,0,0.07,0,0,0,0
623,0.14,0.01,0,0,0.01,0.02,0.44,0,0,0,0.08
624,0.06,0.82,0,0,0.01,0,0.02,0,0,0,0.02
625,0,0,0,0,0,0,0.31,0,0,0,0
626,0,0,0,0,0.16,0.04,0.41,0,0,0,0
627,0.92,0.07,0,0,0,0,0,0,0,0,0
628,0.01,0,0,0,0.01,0,0,0,0,0,0
629,0.07,0.01,0,0,0.02,0,0,0,0,0,0
630,0.18,0.29,0,0.06,0.04,0,0,0,0,0,0
631,0.44,0.1,0,0,0.01,0,0,0,0,0,0
632,0.62,0.12,0,0,0.02,0.08,0,0,0.04,0,0
633,0.57,0.04,0,0,0,0,0,0,0,0,0
634,0.04,0.01,0,0,0,0,0,0,0,0,0
635,0.04,0.03,0,0,0,0,0,0,0,0,0
636,0.14,0.14,0,0,0.04,0.02,0.13,0.09,0.01,0,0.03
637,0.9,0.06,0,0,0,0,0,0,0,0,0
638,0.63,0.37,0,0,0,0,0,0,0,0,0
639,0.19,0.03,0,0,0.49,0.01,0,0,0,0,0
640,0.09,0.01,0,0,0.01,0.02,0.57,0,0,0,0.05
641,0.37,0.04,0,0,0,0,0,0,0,0,0
642,0.04,0.67,0.02,0,0.17,0,0,0.04,0,0,0.03
643,0,0.04,0,0,0.95,0,0,0,0,0,0
644,0.84,0.14,0,0,0,0,0,0,0.01,0,0
645,0.73,0.17,0,0,0.02,0,0,0,0.06,0,0
646,0.14,0.04,0,0,0.1,0,0.07,0,0,0,0
647,0.09,0.08,0,0,0.01,0,0.04,0,0,0,0
648,0.07,0.13,0,0,0.16,0.29,0.02,0,0,0,0
649,0.33,0,0,0,0.29,0,0,0,0,0,0
650,0.74,0.18,0,0,0.06,0,0,0,0,0,0
651,0.3,0,0,0,0.24,0,0,0,0,0,0
652,0.38,0.58,0.01,0,0.01,0,0,0,0,0,0
653,0.01,0.07,0,0,0.16,0.04,0.34,0,0,0,0
654,0.03,0.79,0,0,0,0,0,0,0,0,0
655,0.6,0.12,0,0,0.02,0.1,0,0,0.05,0,0
656,0.03,0.07,0,0,0,0,0.32,0,0,0,0
657,0.01,0.46,0,0,0.16,0.08,0,0.1,0,0,0.05
658,0.19,0.11,0,0,0.44,0,0,0,0,0,0
659,0.29,0.05,0,0,0,0,0,0,0,0,0
660,0.16,0.29,0.01,0,0.24,0,0,0,0,0,0
661,0.07,0.02,0,0,0.01,0,0,0,0,0,0
662,0.7,0.19,0,0,0.01,0,0,0,0.03,0,0
663,0.03,0.08,0,0,0.1,0,0,0,0.01,0,0
664,0.61,0.11,0,0,0.03,0.13,0,0,0.04,0,0.01
665,0.39,0.11,0,0,0.01,0,0,0,0,0,0
666,0.83,0.01,0,0,0.11,0,0,0,0,0,0
667,0.09,0.59,0,0,0.08,0.05,0,0.07,0,0,0.05
668,0,0.04,0,0,0,0,0.3,0,0.01,0,0
669,0.02,0,0,0,0,0,0.08,0,0.01,0,0
670,0.18,0.23,0,0,0.02,0,0.13,0,0,0,0.01
671,0.22,0.6,0.02,0,0.06,0,0,0,0,0,0.03
672,0.25,0.01,0,0,0.45,0,0,0,0,0,0
673,0,0.01,0,0,0.03,0,0.07,0,0.01,0,0
674,0.57,0.12,0,0,0.03,0.12,0,0,0.03,0,0.02
675,0.09,0.1,0,0,0.13,0.11,0.11,0.07,0.05,0,0
676,0.29,0.68,0,0,0.01,0,0,0,0,0,0
677,0.56,0.07,0,0,0,0,0,0,0,0,0
678,0.31,0,0,0,0.07,0,0.01,0,0,0,0
679,0.22,0.14,0,0,0.11,0,0.29,0,0.01,0,0
680,0.09,0.52,0.04,0,0.25,0,0,0.03,0,0,0.06
681,0.17,0.59,0,0,0.01,0,0.12,0,0,0,0.03
682,0,0,0,0,0.02,0,0.15,0,0,0,0
683,0.12,0.26,0,0,0,0,0.08,0.01,0,0,0.03
684,0,0,0,0,0,0,0.14,0,0,0,0
685,0.27,0.34,0,0,0.24,0,0.12,0,0,0,0
686,0.31,0.09,0,0,0.05,0.01,0,0,0,0,0.14
687,0.17,0.46,0,0,0.03,0,0.22,0,0,0,0.01
688,0.14,0.05,0,0,0,0,0,0,0,0,0
689,0.39,0.33,0,0.01,0.01,0,0,0,0,0,0
690,0.72,0.03,0,0,0.2,0,0,0,0,0,0
691,0.4,0,0,0,0.07,0,0,0,0,0,0
692,0.21,0.51,0,0,0.16,0,0.06,0,0,0,0
693,0,0.33,0,0,0.66,0,0,0,0,0,0
694,0.04,0.61,0,0,0.03,0,0,0.02,0,0,0
695,0.9,0,0,0,0.04,0,0,0,0,0,0
696,0.09,0.05,0,0,0,0,0.08,0,0,0,0
697,0.35,0,0,0,0.23,0,0,0,0,0,0
698,0,0.03,0,0,0.01,0,0.23,0,0,0,0
699,0.05,0.14,0,0,0,0,0,0,0,0,0
700,0.28,0.14,0.01,0,0.18,0.07,0,0,0,0,0
701,0.23,0.34,0,0,0.01,0,0,0,0,0,0
702,0.11,0.06,0,0,0,0,0,0,0,0,0
703,0.64,0.22,0,0,0,0,0,0,0.08,0,0
704,0.24,0,0,0,0.41,0.01,0,0,0,0,0
705,0.21,0.16,0,0,0.04,0,0.11,0,0,0,0.01
706,0.15,0.08,0,0,0.01,0,0.04,0,0,0,0
707,0.08,0.9,0,0,0.02,0,0,0,0,0,0
708,0.63,0.13,0.05,0,0.03,0.08,0,0,0.03,0,0.01
709,0.78,0.11,0,0,0.06,0,0,0,0.04,0,0
710,0.26,0.02,0,0,0.01,0,0,0,0,0,0
711,0.11,0.02,0,0,0,0,0.34,0,0,0,0
712,0.01,0.21,0,0,0.18,0.31,0.09,0,0,0,0
713,0.26,0.04,0,0,0.11,0,0.09,0,0,0,0
714,0.02,0.56,0.01,0,0.19,0.02,0,0.09,0,0,0.04
715,0.06,0.03,0,0.02,0.01,0.05,0.25,0.05,0.01,0,0
716,0.34,0.47,0,0,0.02,0.01,0,0,0,0,0
717,0.03,0.09,0,0,0.04,0.05,0.33,0,0.02,0,0
718,0,0.36,0,0,0.57,0,0,0.01,0.02,0,0.01
719,0.68,0.19,0,0,0.12,0,0,0,0,0,0
720,0,0.39,0,0,0.54,0,0,0.01,0,0,0.02
721,0.04,0.09,0.01,0,0.09,0.01,0.06,0,0,0,0
722,0.97,0.02,0,0,0,0,0,0,0.01,0,0
723,0.76,0.19,0,0,0.04,0,0,0,0.01,0,0
724,0.58,0.1,0,0,0.03,0,0,0,0,0,0
725,0.57,0,0,0,0.01,0,0,0,0,0.32,0
726,0.18,0.33,0,0,0.26,0,0.17,0,0,0,0
727,0.2,0.44,0,0,0.05,0,0,0,0,0,0
728,0,0,0,0,0,0,0.43,0,0,0,0
729,0.81,0.15,0,0,0.01,0,0,0,0,0,0
730,0.03,0.01,0,0,0.5,0,0,0,0.09,0,0
731,0.05,0,0,0,0,0,0.19,0,0.02,0,0
732,0.06,0.14,0,0,0.03,0.01,0,0,0,0.01,0
733,0.35,0.31,0,0,0.27,0,0,0,0,0,0
734,0.31,0.02,0,0,0,0,0,0,0,0,0
735,0.11,0.62,0,0,0.01,0,0.07,0,0,0,0.03
736,0.35,0.23,0,0,0.21,0,0.15,0,0,0,0
737,0.23,0.65,0.01,0,0.03,0,0,0,0,0,0.01
738,0.21,0.57,0,0,0,0,0,0,0,0,0.01
739,0.44,0.36,0,0,0.01,0,0,0.01,0,0,0
740,0.02,0.48,0.1,0,0.28,0,0,0.05,0.01,0,0.04
741,0.87,0.12,0,0,0,0,0,0,0,0,0
742,0,0.19,0,0,0.13,0.38,0.08,0,0,0,0
743,0,0,0,0,0.07,0,0,0,0,0,0
744,0.61,0.05,0.02,0,0,0.05,0,0,0.03,0,0.03
745,0.09,0.07,0,0,0.47,0,0,0,0,0,0
746,0,0.11,0,0,0.1,0,0.05,0,0,0,0
747,0.1,0.36,0,0.01,0,0,0,0.12,0.01,0,0
748,0.09,0.23,0.01,0,0.2,0,0.03,0,0,0,0
749,0.52,0.09,0,0,0.03,0,0,0,0,0,0
750,0.21,0.23,0,0,0.44,0,0.05,0,0,0,0
751,0.07,0.1,0.04,0,0.12,0,0.01,0,0,0,0
752,0.19,0.38,0,0,0.38,0,0,0,0,0,0
753,0.38,0.24,0,0,0,0,0.09,0,0,0,0
754,0.53,0.19,0,0,0.01,0,0,0,0.01,0,0
755,0.96,0.03,0,0,0.01,0,0,0,0,0,0
756,0.64,0.27,0,0,0.08,0,0,0,0,0,0
757,0.55,0.07,0.01,0,0,0.01,0,0,0.01,0,0.01
758,0.84,0,0,0,0.1,0,0,0,0,0,0
759,0.43,0.28,0,0,0.04,0.05,0,0,0,0,0
760,0.05,0.07,0,0,0.04,0.04,0.32,0,0,0,0
761,0.07,0.22,0,0,0.02,0,0.23,0,0,0,0
762,0,0,0,0,0.01,0,0.37,0,0,0,0
763,0.86,0.12,0,0,0,0,0,0,0,0,0
764,0.11,0.32,0.03,0,0.12,0,0,0,0,0,0
765,0.29,0.01,0,0,0,0,0,0,0,0,0
766,0.26,0.59,0.05,0,0.07,0,0,0,0,0,0.01
767,0.21,0.15,0,0,0.28,0,0,0,0,0,0
768,0.57,0,0,0,0,0,0,0,0,0.35,0
769,0.2,0.01,0,0,0.03,0,0.01,0,0,0,0
770,0.01,0.01,0,0,0.02,0,0.43,0,0,0,0
771,0.01,0.57,0,0,0.16,0.05,0,0.13,0,0,0.04
772,0.08,0.43,0,0,0.36,0,0.01,0,0.09,0,0
773,0.7,0.27,0,0,0.02,0,0,0,0,0,0
774,0.78,0.14,0,0,0.01,0,0,0,0.05,0,0
775,0.16,0.46,0.01,0,0.02,0,0.19,0,0,0,0.02
776,0.31,0.56,0,0,0.02,0,0,0,0,0,0
777,0.6,0.29,0,0,0,0,0,0,0,0,0
778,0,0.25,0,0,0.75,0,0,0,0,0,0
779,0.13,0.02,0,0,0.51,0,0,0,0.03,0,0
780,0.02,0,0,0,0,0,0.11,0,0.01,0,0
781,0.79,0.19,0,0,0.03,0,0,0,0,0,0
782,0.29,0.28,0,0,0.01,0.01,0.14,0,0.01,0,0
783,0.77,0,0.02,0,0.09,0,0,0,0,0,0
784,0.46,0,0,0,0,0,0,0,0,0.25,0
785,0.06,0.18,0.01,0,0.11,0.01,0.38,0,0,0,0.03
786,0.41,0.23,0,0,0.03,0.13,0,0,0.02,0,0
787,0,0,0,0,0.1,0,0,0,0,0,0
788,0.05,0.08,0.04,0,0.05,0,0.07,0,0.02,0,0
789,0.21,0.36,0,0,0.01,0,0,0,0,0,0
790,0,0.01,0,0,0.98,0,0,0,0,0,0
791,0.01,0.64,0.04,0,0.15,0,0,0.11,0,0,0.02
792,0.2,0.22,0,0,0.02,0,0,0,0,0,0
793,0.37,0.31,0,0,0.06,0,0,0,0,0,0
794,0.24,0.27,0,0,0.26,0,0.16,0,0,0,0
795,0.07,0.5,0,0,0.43,0,0,0,0,0,0
796,0.56,0.26,0.02,0,0.03,0,0,0,0,0,0
797,0.67,0.06,0,0,0,0,0,0,0,0,0
798,0.06,0.14,0,0,0.04,0,0,0,0,0,0
799,0.58,0.03,0.01,0,0,0,0,0,0,0,0.01
800,0,0,0,0,0,0,0.15,0,0.01,0,0
801,0.67,0.24,0,0,0.02,0,0,0,0.03,0,0
802,0.06,0,0,0,0.03,0,0.21,0,0.02,0,0
803,0,0,0,0,0.04,0.5,0.1,0,0,0,0
804,0.04,0.03,0,0,0.53,0,0,0,0.02,0,0
805,0.03,0.02,0,0,0.06,0,0,0,0,0,0
806,0.05,0,0,0,0.02,0,0,0,0,0,0
807,0.37,0.28,0,0,0.06,0.14,0,0,0.01,0,0
808,0.02,0.3,0,0,0.14,0,0.19,0,0,0,0
809,0.03,0.31,0,0,0,0,0,0.01,0.01,0,0
810,0.26,0.21,0,0,0,0,0,0,0,0,0
811,0.1,0.22,0,0,0.04,0,0,0,0.02,0,0
812,0.67,0.23,0,0,0.1,0,0,0,0,0,0
813,0.03,0,0,0,0,0,0,0,0,0,0
814,0.02,0.02,0,0,0,0,0,0,0,0,0
815,0,0.24,0,0,0.05,0.01,0.23,0,0,0,0
816,0.09,0.12,0,0,0.04,0,0,0,0,0,0
817,0.29,0,0,0,0.33,0,0,0,0,0,0
818,0.3,0.21,0,0,0.05,0,0.12,0,0,0,0.08
819,0.85,0.12,0,0,0,0,0,0,0,0,0
820,0.81,0,0,0,0,0,0,0,0,0.1,0
821,0.6,0.02,0,0,0.14,0,0,0,0,0,0
822,0.07,0.34,0,0,0.38,0,0.15,0,0,0,0
823,0.28,0.3,0,0,0.04,0,0,0,0.04,0,0
824,0.13,0.62,0.01,0,0.05,0,0.11,0,0,0,0.01
825,0.79,0.2,0,0,0,0,0,0,0,0,0
826,0.02,0.01,0,0,0.03,0,0,0,0,0,0
827,0.96,0.02,0,0,0,0,0,0,0.01,0,0
828,0.26,0.43,0,0,0.03,0,0.09,0,0,0,0
829,0.06,0.6,0.01,0,0.18,0.01,0,0.02,0.02,0,0.05
830,0.1,0.14,0,0,0.07,0.08,0.16,0.12,0.03,0,0
831,0.56,0,0,0,0,0,0,0,0,0.28,0
832,0.14,0.55,0,0,0.04,0,0,0.01,0.02,0,0
833,0,0,0,0,0.23,0,0.27,0,0.02,0,0.03
834,0.06,0,0,0,0.01,0,0,0,0,0,0
835,0.02,0.25,0,0,0.25,0.21,0.01,0,0,0,0
836,0.28,0.47,0,0,0,0,0.1,0,0,0,0.01
837,0.11,0.02,0,0,0.01,0.05,0.25,0.06,0,0,0
838,0.13,0.42,0,0,0.09,0,0,0,0,0,0
839,0,0.12,0,0,0.15,0,0,0,0,0,0
840,0.08,0.31,0,0,0.08,0,0,0,0.02,0,0
841,0.09,0.87,0,0,0,0,0,0,0,0,0.01
842,0.19,0.01,0,0,0.03,0,0,0,0,0,0
843,0.04,0.03,0,0,0,0,0.28,0,0,0,0
844,0.52,0.08,0,0,0.16,0,0,0,0,0,0
845,0.02,0.12,0,0,0.07,0.04,0.24,0.06,0.01,0,0
846,0.09,0.7,0,0.03,0,0,0,0,0,0,0
847,0.29,0.52,0,0,0,0,0.01,0.01,0,0,0
848,0.08,0.83,0,0,0.02,0,0,0.01,0,0,0
849,0.03,0.11,0.01,0,0.06,0,0.16,0,0,0,0
850,0.58,0,0,0,0.01,0,0,0,0,0.23,0
851,0.38,0.07,0,0,0.41,0,0,0,0,0,0
852,0.01,0.05,0,0,0,0,0.43,0,0.04,0,0
853,0.82,0.18,0,0,0,0,0,0,0,0,0
854,0.61,0.06,0,0,0.1,0,0,0,0,0,0
855,0.05,0.01,0,0,0.55,0.01,0,0,0.02,0,0
856,0.47,0.05,0,0,0,0,0,0,0,0,0
857,0.94,0,0,0,0,0,0,0,0,0,0
858,0.38,0.08,0,0,0,0,0.16,0,0,0,0
859,0.41,0.44,0,0,0,0,0,0,0,0,0
860,0.15,0.71,0,0,0,0,0,0,0,0,0
861,0.05,0.02,0,0,0.02,0,0,0,0,0,0
862,0.83,0.15,0,0,0.02,0,0,0,0,0,0
863,0.3,0.37,0,0,0.07,0,0,0,0,0,0
864,0.05,0.02,0,0,0.03,0,0.01,0,0,0,0
865,0.3,0,0,0,0.03,0,0,0,0,0.23,0
866,0.02,0.02,0,0,0.01,0.05,0.42,0.01,0,0,0.01
867,0.04,0.28,0,0,0,0,0.15,0,0.02,0,0.01
868,0,0,0,0,0.03,0.14,0.38,0,0,0,0
869,0.51,0.1,0,0,0,0,0,0,0,0,0
870,0.74,0.15,0,0,0.04,0,0,0,0.03,0,0
871,0.27,0.53,0,0,0.17,0,0.02,0,0,0,0
872,0.07,0.13,0,0,0.06,0,0,0,0,0,0
873,0.26,0.41,0,0,0.01,0,0,0,0,0,0
874,0.57,0.22,0.03,0,0.08,0,0,0,0.01,0,0
875,0.9,0.01,0,0,0.03,0,0,0,0,0,0
876,0.23,0.33,0,0,0.05,0.02,0.01,0,0.02,0,0
877,0.47,0.36,0,0,0.12,0,0,0,0,0,0
878,0.07,0.54,0,0,0.07,0.07,0,0.02,0.01,0,0.04
879,0.34,0.14,0,0,0,0,0.03,0,0,0,0.03
880,0.07,0.01,0,0,0.42,0,0,0,0.11,0,0
881,0.2,0.11,0,0,0.03,0,0.09,0,0,0,0.01
882,0.77,0,0,0,0.06,0.01,0,0,0,0,0
883,0.82,0.16,0,0,0,0,0,0,0,0,0
884,0.02,0.17,0,0.01,0,0,0,0.03,0,0,0
885,0.18,0.58,0.05,0,0.01,0,0.01,0,0,0,0.01
886,0.15,0,0,0,0,0,0,0,0,0.41,0
887,0.25,0.18,0,0,0.02,0,0.04,0,0,0,0
888,0.35,0.4,0,0,0.03,0,0.05,0.02,0,0,0
889,0.06,0.45,0,0,0.5,0,0,0,0,0,0
890,0.42,0.44,0,0,0.13,0,0,0,0,0,0
891,0.03,0.01,0,0,0,0,0,0,0,0,0
892,0.1,0.11,0,0,0.1,0,0,0,0,0,0
893,0.68,0.01,0,0,0.04,0,0,0,0,0,0
894,0.85,0.14,0,0,0.01,0,0,0,0,0,0
895,0.41,0,0,0,0.28,0,0,0,0,0,0
896,0.05,0.16,0,0,0.47,0,0.14,0,0.1,0,0
897,0.81,0.16,0,0,0,0,0,0,0,0,0
898,0.25,0.26,0,0,0.03,0,0,0,0,0,0
899,0,0.39,0,0,0.54,0,0,0,0.01,0,0.01
900,0,0,0,0,0.12,0,0.02,0,0,0,0
901,0.06,0.64,0,0,0.02,0,0,0.02,0,0,0
902,0.47,0.19,0,0,0,0,0.13,0,0,0,0
903,0.15,0.44,0,0.05,0.01,0,0,0,0,0,0
904,0.3,0.6,0,0,0.08,0,0,0,0,0,0
905,0.33,0.01,0,0,0.08,0,0.01,0,0,0,0
906,0.08,0,0,0,0.4,0,0,0,0,0,0
907,0.71,0.19,0,0,0.09,0,0,0,0,0,0
908,0.18,0.38,0,0,0.07,0,0,0,0,0,0
909,0.61,0,0,0,0.1,0,0,0,0,0,0
910,0.45,0.05,0,0,0.01,0,0,0,0,0,0
911,0.13,0.01,0,0,0.03,0,0,0,0,0,0
912,0.47,0.08,0,0,0.09,0,0,0,0,0,0
913,0.24,0.44,0,0,0.04,0.01,0.03,0.01,0,0,0
914,0.05,0.24,0,0,0.44,0,0.18,0,0.03,0,0
915,0.47,0.3,0.02,0,0.01,0,0,0,0,0,0.01
916,0,0.3,0,0,0.7,0,0,0,0,0,0
917,0.16,0.45,0,0,0.4,0,0,0,0,0,0
918,0.31,0,0,0,0.28,0,0,0,0,0,0
919,0.96,0.02,0,0,0,0,0,0,0.01,0,0
920,0.84,0.14,0,0,0,0,0,0,0,0,0
921,0.1,0.15,0,0,0.16,0.2,0.01,0,0,0,0
922,0.75,0.18,0,0,0.07,0,0,0,0,0,0
923,0.22,0.13,0,0,0.04,0.01,0.06,0,0,0,0.14
924,0.34,0.24,0,0,0.31,0,0,0,0,0,0
925,0.38,0,0,0,0.03,0,0,0,0,0.24,0
926,0.32,0.35,0,0,0.22,0,0.07,0,0,0,0
927,0.81,0.15,0,0,0.02,0,0,0,0,0,0
928,0.42,0.24,0,0,0.03,0.17,0,0,0,0,0
929,0.81,0.17,0,0,0,0,0,0,0,0,0
930,0.31,0.21,0,0,0,0,0.08,0,0,0,0
931,0.18,0.02,0,0,0.48,0.02,0,0,0,0,0
932,0.17,0.05,0,0,0.04,0,0,0,0,0,0
933,0.43,0.21,0.01,0,0.02,0,0.02,0,0,0,0
934,0.36,0,0,0,0.06,0,0,0,0,0.08,0
935,0.16,0.12,0,0,0,0,0.29,0,0,0,0
936,0.09,0.85,0,0,0.01,0,0,0,0,0,0.01
937,0.63,0.02,0,0,0,0,0,0,0,0,0
938,0.63,0.23,0,0,0.11,0,0,0,0,0,0
939,0.28,0.33,0,0.06,0.01,0,0,0,0,0,0
940,0.11,0.21,0.01,0,0.1,0,0,0,0,0,0
941,0.13,0.05,0,0,0.01,0.01,0.41,0,0,0,0.1
942,0.03,0,0,0,0.11,0,0,0,0,0,0
943,0.03,0.01,0,0,0.1,0,0,0,0,0,0
944,0.63,0.01,0,0,0,0,0,0,0,0.01,0
945,0,0.02,0,0,0.01,0,0.28,0,0,0,0
946,0.02,0.06,0,0,0.08,0.53,0.06,0,0,0,0
947,0.32,0.66,0,0,0.01,0,0,0,0,0,0
948,0.01,0.16,0,0,0.49,0,0.17,0,0.11,0,0
949,0.25,0.3,0,0,0.02,0.09,0,0,0.01,0,0
950,0.06,0.05,0,0,0,0,0.28,0,0,0,0
951,0,0.02,0,0,0.01,0,0.31,0,0,0,0
952,0.26,0.4,0,0,0.05,0,0.01,0,0,0,0
953,0.06,0.1,0.01,0,0.08,0,0.04,0,0,0,0
954,0.44,0.34,0,0,0.16,0,0,0,0,0,0
955,0.03,0.25,0,0,0.14,0.01,0.32,0,0.01,0,0.06
956,0,0,0,0,0.08,0,0.01,0,0,0,0
957,0.89,0,0,0,0.04,0,0,0,0,0,0
958,0.78,0.16,0,0,0.03,0,0,0,0,0,0
959,0.35,0.4,0,0,0.01,0,0,0,0,0,0
960,0.03,0.12,0,0,0.07,0,0,0,0.02,0,0
961,0.23,0.02,0,0,0.01,0,0,0,0,0,0
962,0.38,0,0,0,0.01,0,0,0,0,0.19,0
963,0.23,0.65,0,0,0.12,0,0.01,0,0,0,0
964,0.07,0.6,0,0,0.29,0,0,0,0,0,0
965,0.82,0.01,0,0,0.03,0,0,0,0,0,0
966,0,0,0,0,0,0,0.08,0,0,0,0
967,0.04,0.18,0.02,0,0,0,0.08,0,0,0,0.02
968,0.46,0.24,0,0,0.01,0,0,0,0,0,0
969,0.02,0.49,0,0,0.41,0,0,0,0.04,0,0.03
970,0.17,0.77,0,0,0.01,0,0,0,0,0,0.01
971,0.32,0.25,0,0,0.29,0,0.13,0,0,0,0
972,0.04,0.44,0.03,0,0.42,0,0,0.02,0,0,0.03
973,0.03,0.32,0.01,0,0.1,0.02,0,0,0.01,0,0
974,0.07,0.29,0,0,0.05,0,0.05,0,0.01,0,0
975,0.77,0,0,0,0,0,0,0,0,0,0
976,0.2,0.15,0.03,0,0.05,0,0.05,0,0.02,0,0
977,0.01,0.41,0,0,0.16,0.13,0.03,0.09,0,0,0.06
978,0.03,0.01,0,0,0.01,0.04,0.51,0,0,0,0
979,0.12,0.17,0,0,0.07,0.01,0,0,0.01,0,0
980,0.78,0,0,0,0.11,0,0,0,0,0,0
981,0.83,0.15,0,0,0,0,0,0,0.01,0,0
982,0.3,0.6,0,0,0,0,0,0,0,0,0
983,0.2,0.71,0,0,0.02,0,0,0.01,0,0,0
984,0.19,0.53,0,0,0,0,0.05,0.03,0.01,0,0
985,0.34,0.07,0,0,0.01,0,0,0,0,0,0
986,0.64,0.01,0,0,0.04,0,0,0,0,0,0
987,0.36,0.02,0,0,0.49,0,0,0,0,0,0
988,0.04,0.54,0.03,0,0.35,0,0,0.01,0,0,0.02
989,0.57,0.19,0,0,0.02,0.09,0,0,0.04,0,0
990,0.27,0.31,0,0,0.01,0,0,0,0,0,0
991,0.02,0,0,0,0.02,0,0.15,0,0,0,0
992,0.05,0.56,0.03,0,0.23,0,0,0.03,0.01,0,0.04
993,0.31,0.32,0,0,0.28,0,0.06,0,0,0,0
994,0.06,0,0,0,0.88,0,0,0,0,0,0
995,0.09,0.74,0,0,0,0,0,0,0,0,0
996,0.52,0,0,0,0.18,0,0,0,0,0,0
997,0.48,0.16,0.01,0,0.02,0,0,0,0,0,0
998,0.83,0.12,0,0,0.04,0,0,0,0,0,0
999,0,0,0,0,0.12,0,0.14,0,0,0,0
1000,0.44,0.04,0,0,0.07,0,0,0,0,0,0
1001,0.02,0.04,0,0,0.16,0.03,0.27,0.02,0.04,0,0
1002,0.03,0,0,0,0,0,0,0,0,0,0
1003,0.77,0.21,0,0,0,0,0,0,0,0,0
1004,0.19,0.31,0,0,0.01,0,0.02,0,0,0,0
1005,0.01,0.49,0,0,0,0,0,0.01,0,0,0
1006,0.24,0.29,0,0,0.01,0,0.17,0,0,0,0
1007,0.73,0.06,0,0,0.02,0,0,0,0,0,0
1008,0.52,0.05,0,0.04,0.01,0,0,0,0,0,0
1009,0.3,0,0,0,0.22,0,0,0,0,0,0
1010,0.14,0.06,0,0,0.06,0,0.05,0,0,0,0
1011,0,0,0,0,0,0,0.07,0,0,0,0
1012,0.29,0.03,0,0,0.28,0,0,0,0,0,0
1013,0.39,0,0,0,0.26,0,0,0,0,0,0
1014,0.41,0.03,0,0,0,0,0,0,0,0,0
1015,0.13,0.1,0,0,0.01,0,0.19,0,0,0,0
1016,0.02,0.05,0,0,0,0,0,0.01,0,0,0
1017,0.38,0.35,0,0,0.04,0.01,0.01,0,0,0,0
1018,0.05,0.61,0.01,0,0.19,0,0,0.01,0.02,0,0.04
1019,0.4,0.17,0,0,0.01,0,0,0,0,0,0
1020,0.24,0.23,0,0,0.42,0,0.02,0,0,0,0
1021,0.62,0,0,0,0,0,0,0,0,0.02,0
1022,0.05,0.07,0,0,0,0,0.31,0,0,0,0
1023,0.21,0.29,0,0,0.01,0,0.03,0.02,0.01,0,0.05
1024,0,0.01,0,0,0.01,0,0.38,0,0,0,0
1025,0.07,0.59,0,0,0.08,0.07,0.01,0.06,0,0,0.04
1026,0.91,0.03,0,0,0.01,0,0,0,0.05,0,0
1027,0.2,0.17,0,0,0.01,0.01,0.01,0,0.01,0,0
1028,0.03,0.32,0,0,0.06,0.02,0.18,0,0,0,0
1029,0.23,0.66,0.01,0,0.01,0,0,0,0,0,0.04
1030,0.23,0.03,0,0,0.18,0,0,0,0,0,0
1031,0.05,0.73,0,0,0.21,0,0,0,0,0,0
1032,0.23,0.5,0,0,0.03,0,0.01,0.02,0,0,0
1033,0.78,0.16,0,0,0.06,0,0,0,0,0,0
1034,0.1,0.03,0,0,0,0,0,0,0,0,0
1035,0.35,0,0,0,0.28,0,0,0,0,0,0
1036,0.15,0.02,0,0,0.07,0,0,0,0,0,0
1037,0.31,0.48,0,0,0.12,0,0,0,0,0,0
1038,0.08,0.12,0,0,0.07,0,0.19,0,0,0,0.02
1039,0.35,0.03,0,0,0,0,0,0,0,0,0
1040,0.09,0.02,0,0,0,0,0,0,0,0,0
1041,0.12,0.42,0,0,0.38,0,0,0,0.06,0,0.01
1042,0.03,0.65,0,0,0,0,0,0.01,0,0,0
1043,0.17,0.65,0.03,0,0.05,0.01,0,0.04,0,0,0.03
1044,0.24,0.53,0,0,0,0,0.11,0,0,0,0.01
1045,0.04,0,0,0,0.08,0.01,0.41,0,0.01,0,0
1046,0.59,0.13,0.01,0,0.03,0.07,0,0,0.05,0,0.01
1047,0.21,0,0,0,0.04,0,0,0,0,0,0
1048,0.12,0.05,0,0,0,0,0.07,0,0,0,0
1049,0.03,0.06,0,0,0.01,0,0,0,0,0,0
1050,0.03,0.21,0,0,0.29,0.11,0.1,0.06,0.08,0,0
1051,0.55,0,0,0,0.15,0,0,0,0,0,0
1052,0.08,0.33,0,0,0.01,0,0.13,0,0,0,0
1053,0.04,0.54,0,0,0.02,0,0,0.03,0,0,0
1054,0.14,0.75,0.01,0,0.07,0,0,0,0,0,0
1055,0.5,0.03,0,0,0.26,0,0,0,0,0,0
1056,0.04,0.46,0.01,0,0.33,0,0.01,0.03,0.01,0,0.05
1057,0.26,0.29,0,0,0.3,0,0.11,0,0,0,0
1058,0.18,0.44,0.08,0,0.07,0,0.05,0,0.01,0,0
1059,0.09,0.04,0,0,0,0.04,0.26,0,0,0,0.05
1060,0.21,0.5,0,0,0.15,0,0.09,0,0.01,0,0
1061,0.02,0.08,0,0,0.01,0.04,0.49,0.02,0.01,0,0
1062,0.43,0,0,0,0,0,0,0,0,0.38,0
1063,0,0.01,0,0,0.1,0,0.13,0,0,0,0
1064,0.78,0.15,0,0,0.06,0,0,0,0,0,0
1065,0.2,0.52,0,0,0.02,0,0,0,0,0,0
1066,0.26,0.05,0,0,0,0,0,0,0,0,0
1067,0.05,0.67,0.02,0,0.08,0,0,0.08,0,0,0.04
1068,0.03,0.37,0,0,0.01,0,0,0.04,0,0,0
1069,0.16,0.48,0.02,0,0.07,0,0.19,0,0,0,0.01
1070,0.1,0.19,0,0,0.1,0,0.38,0,0,0,0.04
1071,0.03,0.02,0,0,0.5,0,0,0,0.11,0,0
1072,0.08,0.06,0,0,0,0,0.1,0,0,0,0
1073,0.07,0.01,0,0,0.08,0,0.31,0,0.02,0,0
1074,0.89,0.01,0,0,0.01,0,0,0,0,0,0
1075,0.03,0,0,0,0,0,0,0,0,0,0
1076,0.61,0.03,0,0,0,0,0,0,0,0,0
1077,0.33,0.31,0,0.03,0.01,0,0,0,0,0,0
1078,0.41,0.01,0,0.04,0.01,0,0,0,0,0,0
1079,0.24,0.07,0,0,0.01,0,0,0,0,0.01,0
1080,0.21,0.11,0,0,0.04,0,0,0.03,0,0,0
1081,0.11,0.2,0,0,0,0,0,0,0,0,0
1082,0.81,0.01,0,0,0.01,0,0,0,0,0,0
1083,0.35,0.41,0,0,0.01,0,0,0,0,0,0
1084,0.29,0.26,0.01,0,0.08,0,0,0,0,0,0
1085,0.1,0,0.01,0,0,0,0,0,0,0,0
1086,0.12,0,0,0,0.03,0,0,0,0,0,0
1087,0.37,0.21,0,0,0.04,0.14,0,0,0,0,0
1088,0.74,0.01,0,0,0,0,0,0,0,0,0
1089,0.73,0.05,0,0,0.01,0,0,0,0,0,0
1090,0.47,0.11,0,0,0.11,0,0,0,0,0,0.01
1091,0.03,0.05,0,0,0,0,0.06,0,0,0,0
1092,0.15,0.17,0.01,0,0.05,0,0.43,0,0,0,0
1093,0.17,0.11,0,0,0.33,0,0,0,0,0,0
1094,0.88,0.09,0,0,0,0,0,0,0,0,0
1095,0.88,0,0,0,0,0,0,0.03,0,0,0
1096,0.44,0.54,0,0,0,0,0,0,0,0,0
1097,0.43,0.13,0,0,0.1,0,0,0,0,0,0
1098,0.37,0,0,0,0.02,0,0,0,0,0,0
1099,0.71,0.02,0.08,0,0.04,0,0,0,0,0,0
1100,0.03,0,0,0,0.02,0.14,0.29,0,0,0,0.01
1101,0.02,0.05,0.06,0,0.06,0.1,0.03,0,0,0,0
1102,0.09,0,0,0,0.13,0.01,0.14,0,0.04,0,0.02
1103,0.24,0.01,0,0,0.17,0,0,0,0,0,0
1104,0.27,0.65,0,0,0.01,0,0,0,0,0,0
1105,0.33,0,0,0,0.03,0,0.01,0,0,0,0.01
1106,0.17,0,0,0,0,0,0.01,0,0,0,0
1107,0.97,0.02,0,0,0,0,0,0,0,0,0
1108,0.9,0.01,0.01,0,0.02,0.01,0,0,0,0,0
1109,0.7,0,0,0,0.14,0,0,0,0,0,0
1110,0.9,0.02,0,0,0,0,0,0,0.04,0,0
1111,0.7,0.13,0,0,0,0,0,0,0,0,0
1112,0.58,0.01,0.01,0,0.01,0,0,0,0,0,0
1113,0.38,0.06,0,0,0.03,0,0,0,0,0,0
1114,0.34,0.37,0.01,0,0.02,0,0,0.01,0,0,0
1115,0.37,0.05,0,0,0.02,0,0,0,0,0,0
1116,0.81,0.04,0,0,0,0,0,0.04,0,0,0
1117,0.15,0.31,0,0,0,0,0.07,0,0,0,0
1118,0.25,0.45,0,0,0.01,0,0,0,0,0,0
1119,0.32,0.48,0,0,0.01,0,0,0,0,0,0
1120,0.43,0.36,0,0,0.02,0,0,0,0,0,0
1121,0.31,0.57,0,0,0.1,0,0,0,0,0,0
1122,0.64,0.02,0,0,0,0.12,0,0,0,0,0.04
1123,0.85,0,0,0,0.15,0,0,0,0,0,0
1124,0.26,0.3,0,0,0.37,0,0,0,0,0,0
1125,0.27,0.01,0,0,0.51,0.01,0.02,0,0.01,0,0
1126,0.14,0.02,0,0,0,0.01,0.45,0,0,0,0
1127,0.64,0.13,0,0,0.09,0,0,0,0,0,0
1128,0.2,0.16,0,0,0.34,0,0.01,0,0,0,0
1129,0.44,0.49,0,0,0.02,0,0,0,0,0,0
1130,0.47,0.17,0.01,0,0.06,0,0.02,0,0,0,0.03
1131,0.44,0.08,0.01,0,0.02,0,0.04,0,0,0,0.02
1132,0.09,0.08,0.01,0,0.01,0,0.14,0,0,0,0
1133,0.48,0.27,0,0,0.06,0.02,0.03,0,0,0,0.06
1134,0.59,0.18,0,0,0.05,0.01,0.03,0,0,0,0.07
1135,0.21,0.37,0,0,0.14,0.05,0.04,0,0,0,0.06
1136,0.33,0.24,0.01,0,0.25,0.01,0.03,0,0,0,0.06
1137,0.45,0.39,0,0,0.05,0,0,0,0,0,0.01
1138,0.49,0.26,0,0,0,0.03,0,0,0.02,0,0
1139,0.38,0.05,0,0,0,0,0,0,0,0,0
1140,0.57,0.11,0,0,0.02,0.02,0,0,0,0,0
1141,0.69,0.07,0,0,0,0,0,0,0,0,0
1142,0.46,0.29,0,0,0.03,0,0.06,0,0,0,0.06
1143,0.26,0.18,0.02,0,0.18,0.01,0.14,0,0,0,0.04
1144,0.17,0.23,0,0,0.13,0.01,0.13,0,0,0,0.07
1145,0.54,0.03,0,0,0.01,0,0,0,0,0,0
1146,0.81,0.16,0,0,0.02,0,0,0,0,0,0
1147,0.66,0.01,0.01,0,0.01,0,0,0,0.04,0,0
1148,0.56,0.07,0,0,0.3,0,0,0,0,0,0
1149,0.53,0.02,0.01,0,0.01,0,0.07,0,0.06,0,0
1150,0.93,0.05,0,0,0.02,0,0,0,0,0,0
1151,1,0,0,0,0,0,0,0,0,0,0
1152,0.67,0.31,0,0,0,0,0,0,0,0,0
1153,1,0,0,0,0,0,0,0,0,0,0
1154,0.56,0.4,0,0,0.03,0,0,0,0,0,0
1155,0.84,0.12,0,0,0,0,0,0,0.01,0,0
1156,1,0,0,0,0,0,0,0,0,0,0
1157,0.63,0.24,0.03,0,0.08,0,0,0,0.01,0,0
1158,0.24,0.27,0.02,0,0.33,0,0,0,0.02,0,0
1159,0,0.92,0,0,0,0,0,0,0,0,0
1160,0.87,0.05,0,0,0.04,0,0,0,0,0,0
1161,0.85,0,0.08,0,0,0.01,0,0,0,0,0
1162,0.89,0.09,0,0,0.01,0,0,0,0,0,0
1163,0.35,0.46,0,0,0.04,0,0,0,0,0,0
1164,0.25,0.5,0,0,0.25,0,0,0,0,0,0
1165,0.6,0.31,0,0,0.09,0,0,0,0,0,0
1166,0.88,0.03,0,0,0.09,0,0,0,0,0,0
1167,0.03,0.02,0,0,0,0,0,0,0,0,0
1168,0.76,0.12,0.05,0,0,0.01,0,0,0.03,0,0
1169,0.76,0.16,0,0,0.07,0,0,0,0,0,0
1170,0.07,0.13,0,0,0.03,0.14,0.04,0,0,0,0
1171,0.08,0.08,0,0,0.02,0.09,0,0,0.01,0,0
1172,0.61,0.12,0.01,0,0.01,0.1,0,0,0.03,0,0.01
1173,0.62,0.05,0.02,0,0,0.01,0,0,0.04,0,0.01
1174,0.94,0.02,0,0,0.03,0,0,0,0,0,0
1175,0.02,0.33,0,0,0,0.18,0,0.01,0,0,0
1176,0.51,0.36,0,0,0.03,0,0.07,0,0.02,0,0
1177,0.37,0.2,0,0,0.15,0.01,0.02,0,0,0,0
1178,0.04,0,0,0,0.03,0,0.07,0,0.01,0,0
1179,0.69,0.2,0,0,0,0.1,0,0,0,0,0
1180,0.42,0.5,0,0,0.01,0,0.02,0,0,0,0
1181,0.07,0,0,0,0.03,0.07,0,0,0,0,0
1182,0.01,0.04,0,0,0.03,0.01,0.2,0,0.01,0,0
1183,0.66,0.18,0,0,0.02,0,0,0,0,0,0
1184,0.13,0,0,0,0.01,0,0,0,0,0,0
1185,0.42,0.16,0,0,0.04,0,0.03,0,0,0,0.07
1186,0.91,0.04,0,0,0.04,0,0,0,0,0,0
1187,0.19,0.41,0,0,0.15,0,0,0,0.02,0,0
1188,0.29,0.42,0,0,0.26,0,0,0,0.02,0,0
1189,0.54,0.3,0,0,0,0,0,0,0,0,0
1190,0.09,0,0,0,0.3,0.02,0,0,0,0,0
1191,0.83,0.06,0,0,0.02,0,0,0,0,0,0
1192,0.51,0.21,0,0,0.03,0.12,0,0,0,0,0
1193,0.28,0.11,0,0,0.29,0,0,0,0,0,0
1194,0.99,0,0,0,0,0,0,0,0,0,0
1195,0.98,0,0,0,0,0,0,0,0,0,0
1196,0.47,0.32,0,0,0.16,0,0,0,0,0,0
1197,0.89,0.05,0,0,0.05,0,0,0,0,0,0
1198,0.33,0.35,0,0,0.09,0.02,0.07,0,0,0,0
1199,0.53,0.08,0,0,0.03,0.03,0.15,0,0,0,0
1200,0.1,0.18,0,0,0.02,0,0.03,0,0,0,0
1201,0.15,0.04,0,0,0.06,0.01,0.45,0,0,0,0
1202,0.05,0.14,0,0,0.01,0,0.04,0,0.02,0,0
1203,0.29,0.08,0,0.01,0,0,0.01,0,0.03,0,0
1204,0.23,0.08,0,0,0.15,0,0,0,0,0,0
1205,0.43,0.11,0.01,0,0.1,0,0,0,0,0,0
1206,0.27,0.63,0,0,0.02,0,0.04,0.01,0,0,0
1207,0.06,0.07,0,0,0.36,0,0.06,0,0,0,0.04
1208,0.01,0.03,0,0,0.22,0,0.19,0,0,0,0.04
1209,0.05,0.03,0,0,0.02,0,0.27,0,0,0,0.02
1210,0,0,0,0,0.22,0.02,0.18,0,0.08,0,0
1211,0,0,0,0,0.27,0.03,0.27,0,0.04,0,0
1212,0,0,0,0,0.01,0,0.27,0,0,0,0
1213,0.79,0.12,0,0,0.08,0,0,0,0,0,0
1214,0.1,0.02,0,0,0.72,0,0,0,0,0,0
1215,0.58,0.13,0,0,0.16,0,0,0,0,0,0
1216,0.01,0,0,0,0,0,0.21,0,0,0,0
1217,0.11,0.03,0,0,0.01,0,0.2,0,0,0,0
1218,0.14,0.03,0,0,0.01,0.01,0.23,0,0,0,0
1219,0.04,0,0,0,0.01,0.01,0.18,0,0,0,0
1220,0.06,0,0,0,0.03,0.01,0.16,0,0,0,0
1221,0.21,0,0,0,0.02,0,0.01,0,0,0,0
1222,0.37,0.6,0,0,0.01,0,0,0,0,0,0
1223,0.28,0.31,0.01,0,0.05,0,0,0,0,0,0
1224,0.79,0.08,0,0,0,0,0,0,0,0,0
1225,0.2,0,0,0,0.43,0.01,0,0,0,0,0
1226,0.52,0.01,0,0,0.42,0,0,0,0,0,0
1227,0.91,0.03,0,0,0.06,0,0,0,0,0,0
1228,0.96,0.04,0,0,0,0,0,0,0,0,0
1229,0.26,0.62,0,0,0.03,0.01,0.02,0,0,0,0
1230,0.7,0.17,0,0,0.13,0,0,0,0,0,0
1231,0.01,0.05,0,0,0.05,0,0.44,0,0.03,0,0
1232,0.09,0.1,0,0,0,0,0.13,0,0,0,0
1233,0.13,0.06,0,0,0.01,0,0.17,0,0,0,0
1234,0.06,0.08,0,0,0,0.01,0.23,0,0,0,0
1235,0,0,0,0,0.03,0,0.17,0,0,0,0
1236,0.09,0,0,0,0.01,0.01,0.05,0,0,0,0
1237,0.18,0,0,0,0.06,0,0,0,0,0,0
1238,0.13,0.01,0,0,0.79,0,0,0,0,0,0
1239,0.08,0.04,0,0,0.77,0,0,0,0,0,0
1240,0.88,0.02,0,0,0,0,0,0,0,0,0
1241,0.94,0,0,0,0,0,0,0,0,0,0
1242,0.67,0.32,0,0,0,0,0,0,0,0,0
1243,0.83,0,0,0,0,0,0,0,0,0,0
1244,0.77,0.12,0,0,0.09,0,0,0,0,0,0
1245,0.21,0.52,0,0,0.13,0,0.1,0,0,0,0
1246,0.37,0.24,0,0,0.31,0,0.01,0,0,0,0
1247,0.58,0.22,0,0,0.18,0,0,0,0,0,0
1248,0.97,0.02,0,0,0,0,0,0,0,0,0
1249,0.68,0.08,0,0,0.19,0,0,0,0,0,0
1250,1,0,0,0,0,0,0,0,0,0,0
1251,0.01,0.17,0,0,0.05,0,0.51,0,0,0,0
1252,0.64,0.16,0,0,0.2,0,0,0,0,0,0
1253,0.6,0.01,0,0,0.01,0,0.04,0,0,0,0
1254,0.92,0.05,0,0,0.03,0,0,0,0,0,0
1255,0.28,0.51,0,0,0.18,0,0,0,0.01,0,0
1256,0.58,0.09,0,0,0.06,0,0,0,0,0,0
1257,0.88,0.04,0,0,0,0,0,0,0,0,0
1258,0.95,0.03,0,0,0.02,0,0,0,0,0,0
1259,0.58,0.01,0,0,0.2,0,0,0,0,0,0
1260,0.87,0.06,0,0,0.06,0,0,0,0,0,0
1261,0.76,0.21,0,0,0.03,0,0,0,0,0,0
1262,0.87,0.1,0,0,0.03,0,0,0,0,0,0
1263,0.67,0.19,0,0,0.14,0,0,0,0,0,0
1264,0.42,0.42,0,0,0.12,0,0,0,0,0,0
1265,0.17,0.02,0.02,0,0.12,0.02,0,0,0.03,0,0.02
1266,0.88,0,0,0,0.11,0,0,0,0,0,0
1267,0.87,0.06,0,0,0.07,0,0,0,0,0,0
1268,0.89,0.05,0,0,0.06,0,0,0,0,0,0
1269,0.81,0.1,0,0,0.08,0,0,0,0,0,0
1270,0.74,0.15,0,0,0.02,0,0,0,0,0,0
1271,0.71,0.26,0,0,0.01,0,0,0,0,0,0
1272,0.62,0.07,0,0,0.26,0,0,0,0,0,0.01
1273,0.21,0.05,0,0,0.03,0,0,0,0,0,0
1274,0.57,0,0,0,0,0,0,0,0,0,0.01
1275,0.87,0,0,0,0,0,0,0,0,0,0
1276,0.75,0.02,0,0,0,0,0,0,0,0,0
1277,0.5,0,0,0,0,0,0,0,0,0,0
1278,0.34,0.02,0,0,0.31,0,0.03,0,0,0,0
1279,0.96,0.04,0,0,0,0,0,0,0,0,0
1280,0.22,0.4,0,0,0.31,0,0,0,0.08,0,0
1281,0.31,0.62,0,0,0.02,0,0,0,0,0,0.02
1282,0.15,0.46,0,0,0.15,0.11,0,0.09,0,0,0
1283,0.94,0.06,0,0,0,0,0,0,0,0,0
1284,0,0.07,0,0,0.3,0,0.18,0,0,0,0.05
1285,0.02,0.06,0,0,0.03,0,0.24,0,0,0,0.01
1286,0,0.02,0,0,0,0,0.2,0,0,0,0
1287,0.01,0.08,0,0,0,0,0.25,0,0,0,0
1288,0.05,0.07,0,0,0.24,0,0.06,0,0,0,0
1289,0.02,0,0,0,0.13,0,0.07,0,0,0,0
1290,0.99,0.01,0,0,0,0,0,0,0,0,0
1291,0.93,0.01,0,0,0.03,0,0,0,0,0,0
1292,0.97,0,0,0,0.01,0,0,0,0,0,0
1293,0.95,0,0,0,0,0,0,0,0,0,0
1294,0.99,0.01,0,0,0,0,0,0,0,0,0
1295,0.4,0.02,0,0,0,0.3,0,0,0,0,0
1296,0.65,0.01,0,0,0,0.25,0,0,0,0,0
1297,0.76,0.01,0,0,0.01,0.15,0,0,0,0,0
1298,0.64,0.05,0,0,0.04,0.17,0,0,0,0,0
1299,0.75,0.03,0,0,0.01,0.12,0,0,0,0,0
1300,0.59,0.12,0,0,0,0,0,0,0,0,0
1301,0.59,0.04,0,0,0,0,0,0,0,0,0
1302,0.82,0.17,0,0,0.01,0,0,0,0,0,0
1303,0.2,0,0,0,0.13,0.07,0.13,0,0,0,0.01
1304,0.22,0,0,0,0.12,0.18,0.16,0,0,0,0.01
1305,0.26,0.03,0,0,0.03,0.2,0.08,0,0,0,0
1306,0.34,0.13,0,0,0.37,0,0,0,0,0,0
1307,0.68,0.01,0.03,0,0.04,0.04,0,0,0,0,0.01
1308,0.77,0.06,0,0,0,0,0,0,0,0,0
1309,0.77,0.02,0,0,0.01,0.06,0,0,0,0,0
1310,0.92,0.01,0,0,0,0.02,0,0,0,0,0
1311,0.72,0,0,0,0.03,0.01,0,0,0,0,0
1312,0.8,0.02,0.01,0,0.04,0.01,0,0,0,0,0
1313,0.68,0,0,0,0.06,0,0,0,0,0,0
1314,0.34,0,0.02,0,0.09,0,0,0,0,0,0
1315,0.2,0,0,0,0.01,0,0,0,0,0,0
1316,0.47,0,0.01,0,0.07,0,0,0,0,0,0
1317,0.93,0,0.01,0,0,0.01,0,0,0,0,0
1318,0.85,0.02,0,0,0.05,0,0,0,0,0,0
1319,0.99,0,0,0,0,0,0,0,0,0,0
1320,0.92,0,0,0,0,0,0,0,0,0,0
1321,0.72,0,0,0,0.01,0,0,0.01,0,0,0
1322,0.13,0.31,0,0,0.19,0.19,0,0.07,0,0,0.02
1323,0.72,0,0,0,0,0.03,0.01,0,0,0,0
1324,0.72,0.15,0,0,0.13,0,0,0,0,0,0
1325,0.36,0.19,0,0,0.31,0,0,0,0,0,0
1326,0.04,0.59,0,0,0.22,0,0,0,0,0,0
1327,0.92,0.07,0,0,0,0,0,0,0,0,0
1328,0.93,0.06,0,0,0.01,0,0,0,0,0,0
1329,0.41,0.49,0,0,0.1,0,0,0,0,0,0
1330,0.47,0.11,0,0,0.04,0.12,0.03,0,0.01,0,0
1331,0.26,0,0.01,0,0.03,0,0.42,0,0,0,0
1332,0.48,0.05,0,0,0,0,0,0,0,0,0
1333,0.98,0,0,0,0,0,0,0,0,0,0
1334,0.79,0,0,0,0.02,0.02,0,0,0,0,0
1335,0.96,0.03,0,0,0,0,0,0,0,0,0
1336,0.01,0.49,0.01,0,0.44,0,0,0.02,0.01,0,0.02
1337,0.04,0.61,0.01,0,0.22,0,0,0.05,0,0,0.04
1338,0.01,0.7,0.02,0,0.12,0,0,0.11,0,0,0.02
1339,0.01,0.5,0.09,0,0.29,0,0,0.06,0,0,0.02
1340,0.21,0.38,0,0,0.09,0.07,0,0,0.02,0,0
1341,0.02,0.07,0,0,0,0,0.23,0,0,0,0
1342,0.3,0.18,0,0,0,0,0.06,0,0,0,0
1343,1,0,0,0,0,0,0,0,0,0,0
1344,0.9,0.03,0,0.02,0.01,0,0,0,0,0,0
1345,0.93,0.01,0,0,0.02,0,0,0,0,0,0
1346,0.69,0,0,0.02,0,0,0,0,0,0,0
1347,0.99,0,0,0,0,0,0,0,0,0,0
1348,0.95,0,0,0,0,0.01,0,0,0,0,0
1349,0.95,0,0,0,0,0,0,0,0,0,0
1350,0.08,0,0,0,0.89,0,0,0,0,0,0
1351,0.88,0,0,0,0,0,0,0,0,0,0
1352,0.92,0,0.01,0,0,0.02,0,0,0,0,0
1353,0.94,0.05,0,0,0,0,0,0,0,0,0
1354,0.27,0.71,0,0,0,0,0,0,0,0,0
1355,0.18,0.78,0,0,0.01,0,0,0,0,0,0
1356,0.04,0.01,0,0,0.31,0.31,0.04,0,0,0,0
1357,0.61,0.01,0,0,0,0,0,0,0,0,0
1358,0.05,0.02,0,0,0,0,0.36,0,0,0,0
1359,0.47,0.17,0,0,0.18,0.06,0,0,0,0,0
1360,0.84,0.01,0.08,0,0.05,0.01,0,0,0,0,0
1361,0.91,0.02,0.01,0,0.03,0.01,0,0,0,0,0
1362,0.95,0.01,0,0,0,0,0,0,0,0,0
1363,0.66,0,0,0,0.02,0,0,0,0,0,0
1364,0.83,0.01,0,0,0,0,0,0.02,0,0,0
1365,0.74,0,0,0,0.03,0,0,0,0,0,0
1366,0.37,0,0,0,0,0,0,0,0,0,0
1367,0.24,0.32,0,0,0.01,0,0.04,0,0,0,0
1368,0.02,0,0,0,0,0,0.24,0,0,0,0
1369,0.02,0,0,0,0.01,0,0,0,0,0,0
1370,0.31,0.21,0,0,0.03,0,0,0,0,0,0
1371,0.21,0.02,0,0,0.23,0.42,0.01,0,0,0,0
1372,0.04,0.55,0,0,0.01,0.12,0,0.04,0,0,0.01
1373,0.02,0.54,0,0,0.12,0.09,0.01,0.08,0,0,0.05
1374,0.14,0.01,0.01,0,0.22,0.32,0.02,0,0,0,0.01
1375,0.67,0.22,0,0,0.02,0,0,0,0,0,0
1376,0.25,0.66,0,0,0.01,0,0,0,0,0,0
1377,0.98,0.02,0,0,0,0,0,0,0,0,0
1378,0.99,0,0,0,0.01,0,0,0,0,0,0
1379,0.1,0,0,0,0.04,0,0.46,0,0,0,0
1380,0.45,0.23,0,0,0.06,0.05,0,0,0,0,0
1381,0.38,0,0,0,0.02,0,0,0,0,0,0
1382,0.19,0.1,0,0,0.05,0,0,0,0,0,0
1383,0.1,0,0.01,0,0,0,0,0,0,0,0
1384,0,0.27,0,0,0.6,0.08,0,0,0,0,0.01
1385,0.79,0.12,0,0,0.09,0,0,0,0,0,0
1386,0.93,0,0.03,0,0.02,0,0,0,0,0,0
1387,0.89,0.04,0.01,0,0.03,0,0,0,0,0,0
1388,0.62,0.13,0,0,0.14,0.01,0,0,0,0,0
1389,1,0,0,0,0,0,0,0,0,0,0
1390,0,0,0,0,0.18,0.29,0.03,0,0,0,0
1391,0,0,0.01,0,0.09,0.21,0.08,0,0,0,0
1392,0.88,0.11,0,0,0,0,0,0,0,0,0
1393,0,0,0.03,0,0.29,0.18,0.05,0,0,0,0.01
1394,0.17,0.35,0,0,0.04,0,0.11,0.01,0,0,0
1395,0.17,0.25,0,0,0.02,0,0.06,0,0,0,0
1396,0.38,0.26,0.01,0,0.05,0,0.06,0,0.01,0,0
1397,0,0.05,0,0,0,0,0.17,0,0,0,0
1398,0.23,0.14,0,0,0.03,0,0.18,0,0,0,0
1399,0.07,0.14,0,0,0.02,0,0.16,0,0,0,0
1400,0,0.01,0,0,0.02,0,0.37,0,0,0,0
1401,0.03,0.09,0,0,0.04,0,0.13,0,0,0,0
1402,0,0.06,0,0,0.02,0,0.28,0,0.04,0,0
1403,1,0,0,0,0,0,0,0,0,0,0
1404,0.51,0.38,0,0,0.05,0,0,0,0,0,0
1405,0.47,0.43,0,0,0.03,0,0,0,0,0,0
1406,0.04,0,0,0,0.2,0.01,0.07,0,0,0,0
1407,0.52,0.11,0,0,0.01,0.06,0,0,0,0,0.01
1408,0.03,0.01,0.01,0,0.07,0.17,0.12,0,0,0,0
1409,0.05,0.69,0,0,0.01,0,0,0,0,0,0
1410,0.83,0.02,0.01,0,0,0,0,0,0,0,0
1411,0.03,0.24,0,0,0,0,0,0.05,0,0,0
1412,0.48,0.46,0,0,0.02,0,0,0,0,0,0
1413,0.38,0.35,0.01,0,0.25,0.01,0,0,0,0,0
1414,0.52,0.47,0,0,0.02,0,0,0,0,0,0
1415,0.3,0.25,0,0,0.1,0,0.02,0,0,0,0
1416,0.5,0.45,0,0,0.02,0,0,0,0,0,0
1417,0.56,0.18,0,0,0,0,0,0,0,0,0
1418,0.03,0.83,0,0,0,0,0,0,0,0,0
1419,0.01,0.12,0,0,0.25,0.05,0.23,0.04,0.06,0,0
1420,0.01,0.18,0,0,0,0,0,0,0,0.03,0
1421,0,0.27,0,0,0.01,0,0,0,0,0.02,0
1422,0,0.4,0,0,0.04,0,0,0.04,0,0,0
1423,0.44,0.53,0,0,0.03,0,0,0,0,0,0
1424,0.22,0.76,0,0,0.02,0,0,0,0,0,0
1425,0.68,0.07,0,0,0,0.02,0.19,0,0,0,0
1426,0.46,0.51,0,0,0.03,0,0,0,0,0,0
1427,0.31,0.27,0,0,0.23,0,0.11,0,0.01,0,0.01
1428,0.56,0.22,0,0,0.02,0,0.16,0,0,0,0
1429,0.54,0,0.1,0,0.01,0.08,0,0,0,0,0
1430,0,0,0.05,0,0,0,0.13,0,0,0,0
1431,0.09,0,0.1,0,0,0,0.13,0,0,0,0.04
1432,0.13,0,0.2,0,0.08,0.01,0.04,0,0,0,0.01
1433,0.44,0.05,0.13,0,0,0.01,0,0,0,0,0
1434,0.13,0.02,0.15,0,0.03,0.01,0.03,0,0,0,0
1435,0.38,0,0.12,0,0.03,0.03,0,0,0,0,0
1436,0.55,0,0.05,0,0.01,0.21,0,0,0,0,0
1437,0.1,0,0.04,0,0,0.03,0.04,0,0,0,0
1438,0.34,0,0.14,0,0.03,0,0.02,0,0,0,0
1439,0,0,0,0,0.11,0.42,0.08,0,0,0,0
1440,0.23,0.73,0,0,0,0,0,0,0,0,0
1441,0.26,0,0.12,0,0.02,0.01,0.02,0,0,0,0
1442,0.95,0.03,0,0,0,0,0,0,0,0,0
1443,0.86,0.12,0,0,0,0,0,0,0,0,0
1444,0.9,0.04,0,0,0.06,0,0,0,0,0,0
1445,1,0,0,0,0,0,0,0,0,0,0
1446,0.2,0.24,0,0,0.08,0,0.23,0,0.03,0,0
1447,0.77,0.17,0.01,0,0.06,0,0,0,0,0,0
1448,0.45,0.3,0,0,0.24,0,0,0,0,0,0
1449,0.98,0.01,0,0,0,0,0,0,0,0,0
1450,0.89,0.03,0,0,0.07,0,0,0,0,0,0
1451,0.96,0.04,0,0,0,0,0,0,0,0,0
1452,0.82,0.06,0,0,0.11,0,0,0,0,0,0
1453,0.76,0.15,0,0,0.08,0,0,0,0,0,0
1454,0.75,0.02,0,0,0,0,0,0,0,0,0
1455,0.89,0.06,0,0,0.02,0,0,0,0,0,0
1456,0.95,0.05,0,0,0,0,0,0,0,0,0
1457,0.72,0.11,0,0,0.17,0,0,0,0,0,0
1458,0.88,0.04,0,0,0.03,0,0,0,0.04,0,0
1459,0.59,0.14,0.01,0,0.15,0,0,0,0,0,0
1460,0.93,0.03,0,0,0.04,0,0,0,0,0,0
1461,0.87,0.13,0,0,0,0,0,0,0,0,0
1462,0.79,0.11,0,0,0,0,0,0,0,0,0
1463,0.86,0.08,0,0,0.01,0,0,0,0.02,0,0
1464,0.82,0.12,0,0,0.01,0,0,0,0.03,0,0
1465,0.87,0.13,0,0,0,0,0,0,0,0,0
1466,0.93,0.02,0,0,0,0,0,0,0.03,0,0
1467,0.05,0.01,0,0,0.02,0,0,0,0,0,0
1468,0.06,0,0,0,0.01,0,0,0,0,0,0
1469,0.64,0.03,0,0,0.02,0,0,0,0,0,0
1470,0.81,0.01,0,0,0.02,0,0,0,0,0,0
1471,0.84,0.02,0,0,0.03,0,0,0,0,0,0
1472,0.61,0.02,0,0,0.09,0,0,0,0,0,0
1473,0.76,0.01,0,0,0.01,0,0,0,0,0,0
1474,0.08,0.2,0,0,0.33,0.25,0,0,0,0,0.02
1475,0.97,0,0,0,0,0,0,0,0,0,0
1476,0.02,0.57,0,0.01,0.2,0,0,0,0,0,0
1477,0,0,0.02,0,0.36,0.17,0.03,0,0.03,0,0
1478,0.01,0,0.01,0,0.1,0.07,0.11,0,0,0,0
1479,0,0,0.14,0,0.23,0.07,0.02,0,0,0,0
1480,0.23,0.3,0,0,0.07,0,0,0,0,0.01,0
1481,0.41,0.53,0,0,0,0,0.04,0,0,0,0
1482,0.45,0.36,0,0,0,0,0.02,0,0.01,0,0
1483,0.54,0.27,0,0,0.01,0.01,0.04,0,0.01,0,0
1484,0.42,0.33,0,0,0,0,0.04,0,0.01,0,0
1485,0.35,0.43,0,0,0.06,0,0,0,0,0,0
1486,0.93,0,0,0.01,0.04,0,0,0,0,0,0
1487,0.85,0.04,0,0.04,0.06,0,0,0,0,0,0
1488,0.4,0,0,0,0.08,0,0,0,0,0,0
1489,0.01,0,0,0,0.41,0.27,0.07,0,0,0,0.01
1490,0.27,0.04,0,0,0.2,0.01,0,0,0,0,0
1491,0,0.59,0,0,0,0,0,0,0,0,0
1492,0,0.14,0,0,0,0,0,0,0,0,0
1493,0.93,0,0.04,0,0,0,0,0,0,0,0
1494,0.66,0.01,0,0,0,0,0,0,0,0,0
1495,0.34,0,0,0,0,0.17,0.05,0,0,0,0
1496,0.22,0.55,0,0,0,0.01,0.02,0,0,0,0
1497,0.22,0.72,0,0,0,0,0,0.01,0,0,0
1498,0.09,0.87,0,0,0,0,0,0.01,0,0,0
1499,0.17,0.76,0.01,0,0.05,0,0,0,0,0,0
1500,0.45,0.19,0,0,0.02,0.02,0.19,0.02,0,0,0
1501,0.83,0,0,0,0,0,0,0,0,0,0
1502,0.91,0.02,0,0,0.02,0,0,0,0,0,0
1503,1,0,0,0,0,0,0,0,0,0,0
1504,0.99,0,0,0,0,0,0,0,0,0,0
1505,0.98,0,0,0,0,0,0,0,0,0,0
1506,0,0,0.1,0,0.01,0.4,0.21,0,0,0,0
1507,0.03,0,0.05,0,0.47,0.11,0.04,0,0,0,0
1508,0.07,0.01,0.03,0,0.22,0.22,0.02,0,0,0,0
1509,0.79,0,0,0,0.03,0,0,0,0,0,0
1510,0.48,0,0.13,0,0.05,0,0.1,0,0,0,0
1511,0.53,0,0.08,0,0.01,0,0.06,0,0,0,0
1512,0.68,0.07,0,0,0,0.02,0.19,0,0,0,0
1513,0.19,0,0,0,0.06,0,0,0,0,0,0
1514,0.28,0,0.02,0,0,0.02,0.05,0,0,0,0
1515,0.27,0.01,0.09,0,0.06,0.03,0.01,0,0.02,0,0.02
1516,0.54,0.13,0,0,0.01,0,0,0,0.01,0,0.01
1517,0.38,0.25,0,0,0.06,0.07,0.03,0,0,0,0
1518,0.11,0.09,0,0,0.1,0.02,0,0,0,0,0
1519,0.34,0.13,0,0,0.37,0,0,0,0,0,0
1520,0.68,0.01,0.03,0,0.04,0.04,0,0,0,0,0.01
1521,0.77,0.06,0,0,0,0,0,0,0,0,0
1522,0.77,0.02,0,0,0.01,0.06,0,0,0,0,0
1523,0.92,0.01,0,0,0,0.02,0,0,0,0,0
1524,0.27,0.01,0,0,0.51,0.01,0.02,0,0.01,0,0
1525,0.54,0.32,0,0,0,0,0,0,0,0,0
1526,0.65,0.25,0,0,0,0,0,0,0,0,0
1527,0.93,0.03,0,0,0,0,0,0,0,0,0
1528,0.61,0.29,0,0,0.04,0.01,0,0,0,0,0
1529,0.67,0.2,0,0,0.02,0,0.02,0,0,0,0
1530,0.93,0,0.01,0,0,0.01,0,0,0,0,0
1531,0.85,0.02,0,0,0.05,0,0,0,0,0,0
1532,0.99,0,0,0,0,0,0,0,0,0,0
1533,0.92,0,0,0,0,0,0,0,0,0,0
1534,0.72,0,0,0,0.01,0,0,0.01,0,0,0
1535,0.13,0.31,0,0,0.19,0.19,0,0.07,0,0,0.02
1536,0.72,0,0,0,0,0.03,0.01,0,0,0,0
1537,0.46,0,0,0,0.12,0,0,0,0,0,0
1538,0.59,0.4,0,0,0.01,0,0,0,0,0,0
1539,0.41,0.33,0,0,0.25,0,0,0,0,0,0
1540,0.22,0.37,0,0,0.37,0.01,0,0,0,0,0
1541,0.04,0.53,0,0,0.02,0,0,0.03,0,0,0
1542,0.56,0.22,0,0,0.02,0,0.16,0,0,0,0
1543,0.59,0.18,0,0,0.05,0.01,0.03,0,0,0,0.07
1544,0.21,0.37,0,0,0.14,0.05,0.04,0,0,0,0.06
1545,0.33,0.24,0.01,0,0.25,0.01,0.03,0,0,0,0.06
1546,0.45,0.39,0,0,0.05,0,0,0,0,0,0.01
1547,0.49,0.26,0,0,0,0.03,0,0,0.02,0,0
1548,0.38,0.05,0,0,0,0,0,0,0,0,0
1549,0.57,0.11,0,0,0.02,0.02,0,0,0,0,0
1550,0.43,0.45,0,0,0.05,0.03,0.02,0,0,0,0
1551,0.47,0.15,0,0,0.23,0.08,0,0,0,0,0
1552,0.66,0.25,0,0,0.07,0,0,0,0,0,0
1553,0,0,0,0,0.12,0,0.16,0,0,0,0
1554,0.01,0.01,0,0,0.13,0.01,0,0,0,0,0
1555,0.88,0.05,0,0,0.03,0,0,0,0,0,0
1556,0.96,0.04,0,0,0,0,0,0,0,0,0
1557,0.85,0,0,0,0.15,0,0,0,0,0,0
1558,0.26,0.3,0,0,0.37,0,0,0,0,0,0
1559,0.27,0.01,0,0,0.51,0.01,0.02,0,0.01,0,0
1560,0.14,0.02,0,0,0,0.01,0.45,0,0,0,0
1561,0.64,0.13,0,0,0.09,0,0,0,0,0,0
1562,0.2,0.16,0,0,0.34,0,0.01,0,0,0,0
1563,0.44,0.49,0,0,0.02,0,0,0,0,0,0
1564,0.34,0,0,0,0,0.17,0.05,0,0,0,0
1565,0.91,0.02,0,0,0.02,0,0,0,0,0,0
1566,0.09,0.08,0.01,0,0.01,0,0.14,0,0,0,0
1567,0.77,0.19,0,0,0.01,0,0,0,0,0,0
1568,0.51,0.15,0,0,0.31,0,0,0,0,0,0
1569,0.05,0.71,0,0,0.04,0,0.1,0,0.01,0,0.03
1570,0.12,0.01,0,0,0.03,0,0.1,0,0,0,0
1571,0.71,0,0,0,0,0,0,0,0,0,0
1572,0.59,0,0,0,0.02,0,0,0,0,0,0
1573,0.89,0,0,0,0,0,0,0,0,0,0
1574,0.2,0,0,0,0.01,0,0,0,0,0,0
1575,0.69,0.07,0,0,0,0,0,0,0,0,0
1576,0.41,0.53,0,0,0,0,0.04,0,0,0,0
1577,0.2,0,0,0,0.13,0.07,0.13,0,0,0,0.01
1578,0.22,0,0,0,0.12,0.18,0.16,0,0,0,0.01
1579,0.26,0.03,0,0,0.03,0.2,0.08,0,0,0,0
1580,0.22,0.1,0,0,0,0,0,0.23,0,0,0
1581,0.55,0.25,0,0.01,0,0,0,0.03,0,0,0
1582,0.71,0.24,0,0,0,0,0,0,0,0,0
1583,0.53,0.3,0,0,0,0,0,0.01,0,0,0
1584,0.58,0.36,0,0,0,0,0,0,0,0,0
1585,0.8,0.02,0.01,0,0.04,0.01,0,0,0,0,0
1586,0.68,0,0,0,0.06,0,0,0,0,0,0
1587,0.34,0,0.02,0,0.09,0,0,0,0,0,0
1588,0.01,0.02,0,0,0,0,0,0,0,0,0
1589,0.01,0.04,0,0,0,0,0,0,0,0,0
1590,0.5,0,0,0,0.06,0.36,0.01,0,0,0,0
1591,0.35,0,0,0,0.18,0.31,0.03,0,0,0,0
1592,0.1,0,0,0,0.2,0.25,0.06,0,0,0,0
1593,0.71,0.04,0,0,0.06,0,0,0,0,0,0
1594,0.57,0.16,0,0,0.25,0.01,0,0,0,0,0
1595,0.01,0.18,0,0,0,0,0,0,0,0.03,0
1596,0,0.27,0,0,0.01,0,0,0,0,0.02,0
1597,0,0.4,0,0,0.04,0,0,0.04,0,0,0
1598,0.44,0.53,0,0,0.03,0,0,0,0,0,0
1599,0.22,0.76,0,0,0.02,0,0,0,0,0,0
1600,0.68,0.07,0,0,0,0.02,0.19,0,0,0,0
1601,0.46,0.51,0,0,0.03,0,0,0,0,0,0
1602,0.31,0.27,0,0,0.23,0,0.11,0,0.01,0,0.01
1603,0.56,0.22,0,0,0.02,0,0.16,0,0,0,0
1604,0.54,0,0.1,0,0.01,0.08,0,0,0,0,0
1605,0,0,0.05,0,0,0,0.13,0,0,0,0
1606,0.45,0.3,0,0,0.24,0,0,0,0,0,0
1607,0.98,0.01,0,0,0,0,0,0,0,0,0
1608,0.89,0.03,0,0,0.07,0,0,0,0,0,0
1609,0.96,0.04,0,0,0,0,0,0,0,0,0
1610,0.82,0.06,0,0,0.11,0,0,0,0,0,0
1611,0.76,0.15,0,0,0.08,0,0,0,0,0,0
1612,0.75,0.02,0,0,0,0,0,0,0,0,0
1613,0.2,0,0,0,0.01,0,0,0,0,0,0
1614,0.93,0,0.01,0,0,0.01,0,0,0,0,0
1615,0.85,0.02,0,0,0.05,0,0,0,0,0,0
1616,0.99,0,0,0,0,0,0,0,0,0,0
1617,0.01,0.49,0.01,0,0.44,0,0,0.02,0.01,0,0.02
1618,0.01,0.7,0.02,0,0.12,0,0,0.11,0,0,0.02
1619,0.01,0.5,0.09,0,0.29,0,0,0.06,0,0,0.02
1620,0.21,0.38,0,0,0.09,0.07,0,0,0.02,0,0
1621,0.33,0.24,0.01,0,0.25,0.01,0.03,0,0,0,0.06
1622,0.89,0,0,0,0,0,0,0,0,0,0
1623,0.79,0,0,0,0.03,0,0,0,0,0,0
